time_period,rainfall,mean_temperature,disease_cases,location
2024-04-10,63.15094051629698,27.86420343660704,46,Finnmark
2024-04-11,59.50232904024488,26.73904870266981,46,Finnmark
2024-04-12,85.85656931071802,26.844914442429854,47,Finnmark
2024-04-13,68.60523134306638,29.603903408998885,46,Finnmark
2024-04-14,92.35049304329743,28.41371421129582,51,Finnmark
2024-04-15,71.48721572432468,26.297857713648288,45,Finnmark
2024-04-16,46.68449366283384,25.707205709063402,41,Finnmark
2024-04-17,61.758805640702704,29.442108194530196,46,Finnmark
2024-04-18,123.18699990564201,29.338751649070957,57,Finnmark
2024-04-19,68.80425346228164,28.782032586367336,51,Finnmark
2024-04-20,94.89012592726579,32.276370943588034,54,Finnmark
2024-04-21,47.83005582907919,27.17110248707699,40,Finnmark
2024-04-22,80.76882859760951,28.556832196830293,48,Finnmark
2024-04-23,59.02176335136281,29.69270266807316,44,Finnmark
2024-04-24,125.24897208684375,29.48285303901412,53,Finnmark
2024-04-25,47.83596633321141,28.873390109787245,44,Finnmark
2024-04-26,30.42114191360118,31.289239190153122,35,Finnmark
2024-04-27,79.71903269004812,27.61536979877191,48,Finnmark
2024-04-28,46.770268083784714,31.635096667519598,43,Finnmark
2024-04-29,82.08455304164757,23.4384179850449,47,Finnmark
2024-04-30,60.300974592154354,26.27767106937349,42,Finnmark
2024-05-01,61.5237081476167,27.626595786254523,46,Finnmark
2024-05-02,71.3116949638395,30.751665400597954,49,Finnmark
2024-05-03,48.24009987784787,32.251248913538475,43,Finnmark
2024-05-04,51.209758953354424,31.2892831779572,41,Finnmark
2024-05-05,70.82276501859874,31.02166824209231,50,Finnmark
2024-05-06,52.80410550105784,28.004590920874882,44,Finnmark
2024-05-07,45.11659545604236,28.97620468621321,41,Finnmark
2024-05-08,80.58025015336366,27.656527850818403,49,Finnmark
2024-05-09,66.35614072776278,25.941826286594424,48,Finnmark
2024-05-10,81.58509616439085,20.353229429638024,51,Finnmark
2024-05-11,37.83848130990975,23.361535936495123,44,Finnmark
2024-05-12,65.14075601601203,25.83708601188109,47,Finnmark
2024-05-13,79.14418105174542,28.677462838201212,56,Finnmark
2024-05-14,33.60446871148028,28.00466472365929,44,Finnmark
2024-05-15,55.01484229316064,30.998950663945646,48,Finnmark
2024-05-16,58.051092541919985,29.426398053855294,42,Finnmark
2024-05-17,108.97299335358757,24.998257476954556,50,Finnmark
2024-05-18,133.16331603323542,25.082560555370915,62,Finnmark
2024-05-19,59.93724662583983,27.897368205650103,52,Finnmark
2024-05-20,52.791163235700715,27.429033793133186,44,Finnmark
2024-05-21,58.99322213666352,27.130363342287747,44,Finnmark
2024-05-22,45.1087172719453,25.425759651277534,34,Finnmark
2024-05-23,37.589624213760246,25.5037605667833,30,Finnmark
2024-05-24,95.1171986498198,25.411622996323036,43,Finnmark
2024-05-25,89.11139128158696,23.67429743703281,44,Finnmark
2024-05-26,124.80749466598246,22.179481401912913,50,Finnmark
2024-05-27,60.286153868006124,26.56616164090522,41,Finnmark
2024-05-28,70.9265151422669,27.89984854777883,41,Finnmark
2024-05-29,128.78180185799098,27.08450879536467,52,Finnmark
2024-05-30,79.72588717398146,23.07206024616795,46,Finnmark
2024-05-31,58.03722594784168,28.04146275601781,39,Finnmark
2024-06-01,72.04557690949495,24.220895581142678,38,Finnmark
2024-06-02,46.00149452042571,25.817674305500258,33,Finnmark
2024-06-03,64.40987075986487,27.179773508027807,35,Finnmark
2024-06-04,75.292921957874,25.151188136434772,39,Finnmark
2024-06-05,78.03981090194408,25.11065232023603,39,Finnmark
2024-06-06,50.32580189144167,23.73257342099773,34,Finnmark
2024-06-07,99.14231267700751,25.29199542395991,43,Finnmark
2024-06-08,25.254961105840803,26.47436697467912,29,Finnmark
2024-06-09,106.10902870142277,24.730995679137944,42,Finnmark
2024-06-10,117.46271821866583,25.549911707752944,49,Finnmark
2024-06-11,28.955360661476607,26.349859434313657,33,Finnmark
2024-06-12,10.464109538964973,24.661310668928866,25,Finnmark
2024-06-13,14.082108795508438,26.203388151009772,22,Finnmark
2024-06-14,19.86855703239965,27.377894871513845,22,Finnmark
2024-06-15,15.061826668640705,24.685005462051052,20,Finnmark
2024-06-16,13.8441016247683,25.338084022368744,21,Finnmark
2024-06-17,15.625797081074499,24.98068349042801,22,Finnmark
2024-06-18,20.197368156011528,26.56055435647722,23,Finnmark
2024-06-19,8.235061022399178,23.730700097276348,22,Finnmark
2024-06-20,8.781726841641674,25.175867778793677,22,Finnmark
2024-06-21,9.528994625517779,22.58595133451732,25,Finnmark
2024-06-22,15.796789600790646,24.943869795610382,26,Finnmark
2024-06-23,15.648335907478005,24.044106134182393,28,Finnmark
2024-06-24,27.20636942970968,24.26041325443353,28,Finnmark
2024-06-25,26.77388163300197,22.793574303505896,30,Finnmark
2024-06-26,16.595095809975128,20.310464654508937,27,Finnmark
2024-06-27,12.166593230975737,23.29123575309195,29,Finnmark
2024-06-28,13.155430493614897,25.62832202499456,26,Finnmark
2024-06-29,19.64930569995208,23.016907019415545,28,Finnmark
2024-06-30,20.972142581151527,27.210582809919174,29,Finnmark
2024-07-01,10.237908405478318,24.956133415149235,28,Finnmark
2024-07-02,11.096381498105613,22.69421864942465,27,Finnmark
2024-07-03,15.204077003660945,24.615054917049918,26,Finnmark
2024-07-04,10.410879791794898,19.420127177081152,23,Finnmark
2024-07-05,14.24775546135609,23.608499043758314,25,Finnmark
2024-07-06,14.216816811883627,23.578216143795157,29,Finnmark
2024-07-07,7.773278318574317,24.669087763467243,26,Finnmark
2024-07-08,14.18247683254609,22.218353429668895,28,Finnmark
2024-07-09,14.725549582720435,20.63875984287891,26,Finnmark
2024-07-10,7.629609319156906,22.510823499966495,24,Finnmark
2024-07-11,20.085705320735364,22.320870756784785,28,Finnmark
2024-07-12,12.733550827180904,21.85386101473837,25,Finnmark
2024-07-13,25.524083049728368,24.49231741967768,31,Finnmark
2024-07-14,30.855135999155916,23.310191367592687,32,Finnmark
2024-07-15,14.004735001885074,21.62522660672887,28,Finnmark
2024-07-16,8.52822812282781,22.778040396182018,26,Finnmark
2024-07-17,15.139749369976553,25.669490367732,32,Finnmark
2024-07-18,14.863451010282311,17.638444478054677,25,Finnmark
2024-07-19,10.729992365279223,20.715157529411535,25,Finnmark
2024-07-20,18.502118406179793,25.235574838897637,27,Finnmark
2024-07-21,12.902674274688263,18.418997660772273,21,Finnmark
2024-07-22,27.26881881132186,23.2346820152466,24,Finnmark
2024-07-23,10.959946442239104,21.284463465965437,23,Finnmark
2024-07-24,16.769567507223456,25.5484080468067,28,Finnmark
2024-07-25,24.059265726004842,22.413891323834306,27,Finnmark
2024-07-26,13.4529822705439,19.598009731528787,24,Finnmark
2024-07-27,13.973002122294634,21.663355308173255,25,Finnmark
2024-07-28,11.473844742659905,23.53425744974832,28,Finnmark
2024-07-29,19.885194872535546,21.646949177666546,29,Finnmark
2024-07-30,8.085290239273359,19.27800385210793,29,Finnmark
2024-07-31,10.46779319705323,22.46759708584419,26,Finnmark
2024-08-01,11.371168015490179,18.494774470758877,24,Finnmark
2024-08-02,13.499442668974199,20.782961901491607,28,Finnmark
2024-08-03,30.977750456592993,19.523609394486183,27,Finnmark
2024-08-04,22.6245924643607,22.06876777561503,29,Finnmark
2024-08-05,3.6795093484099315,22.317901018053043,23,Finnmark
2024-08-06,28.34720982977075,24.261781231955784,27,Finnmark
2024-08-07,20.948387031351263,18.126059961456477,24,Finnmark
2024-08-08,11.291569052294273,19.725715566230615,27,Finnmark
2024-08-09,20.842922396730764,21.867722864871688,24,Finnmark
2024-08-10,7.1053775763227875,20.989260708234266,26,Finnmark
2024-08-11,12.826166422269523,20.361925937221837,28,Finnmark
2024-08-12,22.27737630009481,20.002417826400194,28,Finnmark
2024-08-13,19.283141917019048,22.100010325620207,30,Finnmark
2024-08-14,12.177287078784625,22.500353823080815,27,Finnmark
2024-08-15,29.459213755014197,21.777834514917146,27,Finnmark
2024-08-16,9.145658197326211,20.609984546815767,27,Finnmark
2024-08-17,18.904689286532097,24.56880483106606,31,Finnmark
2024-08-18,21.648690897145983,20.95084428426885,29,Finnmark
2024-08-19,6.5146584342167575,21.948008397063163,25,Finnmark
2024-08-20,5.625009935749516,17.878768314510133,22,Finnmark
2024-08-21,18.113874733713157,22.251117237952748,28,Finnmark
2024-08-22,9.109859343489033,23.752851280483213,24,Finnmark
2024-08-23,22.895879452222356,18.50497638396242,30,Finnmark
2024-08-24,26.440723475630108,18.779441112635073,27,Finnmark
2024-08-25,7.256990290853192,14.27767320207657,25,Finnmark
2024-08-26,16.473138600505624,20.39014631749318,25,Finnmark
2024-08-27,9.449452016427598,15.088602106141233,20,Finnmark
2024-08-28,14.4230597512834,18.707023815500943,24,Finnmark
2024-08-29,11.06578548101648,18.319076118285427,22,Finnmark
2024-08-30,31.81856976533267,16.832748866558774,22,Finnmark
2024-08-31,25.15003608556376,20.405043813179486,26,Finnmark
2024-09-01,16.09752000487004,23.41687044565868,27,Finnmark
2024-09-02,11.174238168982725,21.435327136462647,25,Finnmark
2024-09-03,20.81592664293141,19.909849042643632,29,Finnmark
2024-09-04,21.315280028015987,19.684134264428383,29,Finnmark
2024-09-05,21.889826721135968,20.541570387946702,22,Finnmark
2024-09-06,14.512460303496496,23.76235513051147,24,Finnmark
2024-09-07,12.448184277295546,17.1289489402579,26,Finnmark
2024-09-08,12.622892038816964,19.826686221678052,25,Finnmark
2024-09-09,7.714259126131406,21.694980051357323,21,Finnmark
2024-09-10,12.639237557651208,21.18715295947585,26,Finnmark
2024-09-11,5.465942861566557,15.788098426717466,21,Finnmark
2024-09-12,12.935560564828746,20.28450811631915,23,Finnmark
2024-09-13,27.036426425392243,19.546546471913558,26,Finnmark
2024-09-14,9.248224543994308,15.981810810356599,24,Finnmark
2024-09-15,11.489234692036446,16.92769795703402,27,Finnmark
2024-09-16,18.64080818556929,17.920434310891846,24,Finnmark
2024-09-17,18.45281837830064,19.248949316224284,24,Finnmark
2024-09-18,24.455454467451883,17.5298413672088,26,Finnmark
2024-09-19,23.567706284729326,24.728975771157057,29,Finnmark
2024-09-20,14.614081995948712,21.35765546097608,27,Finnmark
2024-09-21,14.429037901845822,18.564948015122614,26,Finnmark
2024-09-22,12.852332928748943,19.36316491900276,26,Finnmark
2024-09-23,19.759459690815266,20.127834481780813,27,Finnmark
2024-09-24,19.182295749041188,22.100147850528725,27,Finnmark
2024-09-25,7.611116609324584,18.550777571161216,27,Finnmark
2024-09-26,15.694644059578128,17.074017427660674,25,Finnmark
2024-09-27,14.760764288845255,20.866179118772738,32,Finnmark
2024-09-28,15.04302498176728,18.475622787719537,23,Finnmark
2024-09-29,16.696850609626118,23.0282299090691,25,Finnmark
2024-09-30,21.51105027350751,16.46505305116726,23,Finnmark
2024-10-01,21.952852015216585,18.90016848220734,24,Finnmark
2024-10-02,8.107478506119136,19.468124835686687,23,Finnmark
2024-10-03,5.894142968236201,19.703305432786202,21,Finnmark
2024-10-04,12.995075479488271,16.136874022040644,24,Finnmark
2024-10-05,16.50919387478591,19.398100462292252,26,Finnmark
2024-10-06,12.561137724394252,18.873171644428975,23,Finnmark
2024-10-07,21.55093856493945,18.71610767973044,25,Finnmark
2024-10-08,13.621129434093406,18.304508086890685,23,Finnmark
2024-10-09,11.379423614281723,17.13336544113818,22,Finnmark
2024-10-10,7.316708629858427,18.810078863917187,24,Finnmark
2024-10-11,14.409615497396196,21.611090231209246,25,Finnmark
2024-10-12,9.935619149605664,19.55907809699982,23,Finnmark
2024-10-13,16.508088638648704,20.27059921590069,26,Finnmark
2024-10-14,15.889147242252696,18.512102851785468,26,Finnmark
2024-10-15,15.929014436597026,18.126352776477045,25,Finnmark
2024-10-16,3.4849010741462454,16.914790980128192,21,Finnmark
2024-10-17,5.2396445576158985,18.7793352862214,19,Finnmark
2024-10-18,5.6428706241302855,17.163069376339458,22,Finnmark
2024-10-19,16.43707829387934,17.336855921077547,24,Finnmark
2024-10-20,14.69560861547252,16.22076223517862,28,Finnmark
2024-10-21,15.849439842596235,23.482205061440585,28,Finnmark
2024-10-22,10.912764907970798,22.914540122149006,27,Finnmark
2024-10-23,6.09833150201861,19.080522158801703,27,Finnmark
2024-10-24,23.73783432842704,17.50143549232589,27,Finnmark
2024-10-25,13.62239314582402,20.91379024079301,26,Finnmark
2024-10-26,18.20909005877765,17.95525561577925,23,Finnmark
2024-10-27,12.122982605641553,18.079542734001308,22,Finnmark
2024-10-28,17.042331131390576,20.95432766816563,30,Finnmark
2024-10-29,6.127254727331307,21.42580453672041,23,Finnmark
2024-10-30,12.974913806479503,22.11665822651746,22,Finnmark
2024-10-31,12.94477868541616,20.570425684435637,24,Finnmark
2024-11-01,11.667122506556893,19.28946998950716,23,Finnmark
2024-11-02,13.83503901735528,24.54719969396965,24,Finnmark
2024-11-03,24.144297529481115,19.659416344015415,25,Finnmark
2024-11-04,8.407676545816983,17.60024106192127,22,Finnmark
2024-11-05,69.69986328358492,18.634272689636198,34,Finnmark
2024-11-06,70.70327261902058,23.940326692816093,41,Finnmark
2024-11-07,69.33891078649131,20.363124237143786,39,Finnmark
2024-11-08,52.321102675659255,19.931198519954336,39,Finnmark
2024-11-09,55.024620200542216,19.939737728723244,39,Finnmark
2024-11-10,55.62814078043999,21.678010200853105,39,Finnmark
2024-11-11,63.14383415562149,21.34853592154419,41,Finnmark
2024-11-12,69.43525403485695,23.20539962806164,45,Finnmark
2024-11-13,52.81847622909705,22.076888371397175,38,Finnmark
2024-11-14,43.55030812981221,23.804994926858075,32,Finnmark
2024-11-15,121.78250162829465,22.82590934980646,46,Finnmark
2024-11-16,94.68940498551902,20.40710871702761,44,Finnmark
2024-11-17,102.90500218990069,19.402503290598826,46,Finnmark
2024-11-18,50.613509538040496,18.79432400008904,37,Finnmark
2024-11-19,81.92788408805092,21.373398426125284,40,Finnmark
2024-11-20,84.07388158097828,20.643500693528193,39,Finnmark
2024-11-21,50.606064773886914,23.05182477804321,33,Finnmark
2024-11-22,98.02022735856755,17.50735186421361,41,Finnmark
2024-11-23,69.71676746286764,18.05683605839567,36,Finnmark
2024-11-24,46.429039328065436,19.356838795368184,30,Finnmark
2024-11-25,95.23858705709804,20.71267923466935,39,Finnmark
2024-11-26,61.47225805444999,20.39338453302136,35,Finnmark
2024-11-27,63.46383767751093,23.67378465256403,35,Finnmark
2024-11-28,113.37864441676355,22.73050674487089,42,Finnmark
2024-11-29,54.8330618809097,22.253543824181207,35,Finnmark
2024-11-30,62.17862151483319,21.17045500045926,31,Finnmark
2024-12-01,101.91394686257627,22.827392034017638,42,Finnmark
2024-12-02,113.9768028062734,21.574238580476592,44,Finnmark
2024-12-03,73.4132646712776,18.321747517577784,40,Finnmark
2024-12-04,58.75634273401013,22.4670199388453,37,Finnmark
2024-12-05,61.90244177752205,21.719240389240703,35,Finnmark
2024-12-06,91.54944497879369,23.867838575311005,41,Finnmark
2024-12-07,27.916406612675058,23.23287249249952,30,Finnmark
2024-12-08,61.9412532480782,23.18517728775043,34,Finnmark
2024-12-09,62.44782460249474,19.588169205924977,34,Finnmark
2024-12-10,72.82474657831709,21.18237783915031,36,Finnmark
2024-12-11,58.34368713429733,22.8338957445357,33,Finnmark
2024-12-12,43.594707776860794,21.256486350070663,28,Finnmark
2024-12-13,85.14240109394419,25.771301875628453,37,Finnmark
2024-12-14,81.95035010789854,24.914261804614206,39,Finnmark
2024-12-15,78.3106317955765,21.196606896272126,42,Finnmark
2024-12-16,103.81225952747836,24.45412255421862,46,Finnmark
2024-12-17,72.46613209695514,23.96853543670996,41,Finnmark
2024-12-18,64.33363427512577,26.416155259666986,39,Finnmark
2024-12-19,70.83245488886682,25.94203754866147,38,Finnmark
2024-12-20,73.23810947511325,21.015801960677717,35,Finnmark
2024-12-21,54.55167143201335,23.29562788268999,35,Finnmark
2024-12-22,71.04090762705732,21.84439610610019,36,Finnmark
2024-12-23,54.48211763432034,23.05717469731071,37,Finnmark
2024-12-24,9.367835371251765,26.80604380389517,25,Finnmark
2024-12-25,21.277448222052186,27.31915039775669,24,Finnmark
2024-12-26,9.86175912097186,22.32241297169008,20,Finnmark
2024-12-27,14.976970270100349,20.645915639481995,21,Finnmark
2024-12-28,1.5717716706108984,29.00413983709812,17,Finnmark
2024-12-29,13.08779682604837,25.70568112093258,18,Finnmark
2024-12-30,10.89703777493947,27.02650580070051,21,Finnmark
2024-12-31,33.92174466455471,22.252418919755222,22,Finnmark
2025-01-01,8.951663301447379,22.84075442583103,19,Finnmark
2025-01-02,32.67275263385559,25.94107890115224,23,Finnmark
2025-01-03,23.878607007100143,24.583414104995835,22,Finnmark
2025-01-04,19.484248199987515,22.625277300527046,23,Finnmark
2025-01-05,14.038444503508973,26.144466347172205,25,Finnmark
2025-01-06,25.112993541708835,23.965477388881347,22,Finnmark
2025-01-07,20.174068947838478,25.83960138899807,17,Finnmark
2025-01-08,20.039545124432124,23.9178108606357,19,Finnmark
2025-01-09,8.253567243568959,26.3440313100769,18,Finnmark
2025-01-10,14.756911292674259,25.989206999765713,23,Finnmark
2025-01-11,25.937841652405567,29.457074205965394,25,Finnmark
2025-01-12,25.56347995135249,22.21898929351171,27,Finnmark
2025-01-13,18.51050988040295,22.717786426623213,21,Finnmark
2025-01-14,4.823104412244394,21.58266744026001,21,Finnmark
2025-01-15,3.035815322697827,28.39841624569076,17,Finnmark
2025-01-16,6.3445640899234865,28.111345322303325,18,Finnmark
2025-01-17,17.921112519097587,26.602920505697206,19,Finnmark
2025-01-18,15.715768386874611,21.951937861639088,20,Finnmark
2025-01-19,12.502919102590127,25.428926660327033,21,Finnmark
2025-01-20,22.177278880275804,24.398387570933124,21,Finnmark
2025-01-21,24.709310394985593,22.624327201629647,21,Finnmark
2025-01-22,21.4665823095675,25.33384111871678,22,Finnmark
2025-01-23,9.53089650302614,22.976582212655156,21,Finnmark
2025-01-24,17.093050851539317,24.44182748059499,18,Finnmark
2025-01-25,12.494989647779434,28.12621911352003,21,Finnmark
2025-01-26,14.956165524062381,27.62966132285814,22,Finnmark
2025-01-27,25.061537463678125,24.767291412860477,23,Finnmark
2025-01-28,20.024918107573853,28.379501949119543,23,Finnmark
2025-01-29,25.833892687242194,25.8070605581846,25,Finnmark
2025-01-30,8.155584354955431,26.177073565071424,20,Finnmark
2025-01-31,18.9035073047255,25.564806033635236,26,Finnmark
2025-02-01,20.547154392568803,29.62281575718466,23,Finnmark
2025-02-02,6.879151458027289,24.07633166267432,18,Finnmark
2025-02-03,24.703865024728938,26.742999815024092,22,Finnmark
2025-02-04,20.925135190449943,29.452154412789273,23,Finnmark
2025-02-05,8.620291451517607,25.3360356783216,21,Finnmark
2025-02-06,11.39206536677995,24.90812659076334,19,Finnmark
2025-02-07,14.721934331805226,29.787088482260557,21,Finnmark
2025-02-08,17.61118989616462,26.098136141051,22,Finnmark
2025-02-09,17.2281666589553,25.802035588398674,22,Finnmark
2025-02-10,19.420371551819606,28.039721882962603,25,Finnmark
2025-02-11,13.750286816650243,29.780020467875975,23,Finnmark
2025-02-12,28.564538796545975,26.171058737744968,27,Finnmark
2025-02-13,8.228849573806176,29.41141537040516,25,Finnmark
2025-02-14,8.268075159378244,25.549069028451335,20,Finnmark
2025-02-15,2.7249902342800647,27.78450902499471,19,Finnmark
2025-02-16,7.385870812696428,29.329079404461126,18,Finnmark
2025-02-17,15.254862699300311,25.564994216627774,20,Finnmark
2025-02-18,20.185033618998524,30.968949951392588,24,Finnmark
2025-02-19,18.01793641362336,27.149980658916636,24,Finnmark
2025-02-20,12.507586002889376,29.96138869910077,24,Finnmark
2025-02-21,17.557303334019625,28.10562283906224,27,Finnmark
2025-02-22,18.906817843232027,31.692502977720494,26,Finnmark
2025-02-23,6.6147754049090395,32.02866167931841,22,Finnmark
2025-02-24,15.961876239307111,31.147887340591577,24,Finnmark
2025-02-25,18.214816320880374,33.035252457781255,23,Finnmark
2025-02-26,18.542675528287262,30.23135002080041,23,Finnmark
2025-02-27,16.937930275695827,31.221556673268005,23,Finnmark
2025-02-28,13.059556458333963,29.444132022784768,23,Finnmark
2025-03-01,23.141640772613595,29.42826323258345,22,Finnmark
2025-03-02,10.261325844936122,24.258243777360846,19,Finnmark
2025-03-03,16.44411628759535,29.315673364113746,23,Finnmark
2025-03-04,69.02171074045809,27.989575399045087,32,Finnmark
2025-03-05,52.04160567191096,26.75434287625059,36,Finnmark
2025-03-06,86.72464611287964,31.617700697190465,44,Finnmark
2025-03-07,110.1430970247797,29.561333648859204,58,Finnmark
2025-03-08,97.68288188181528,29.73404205761328,51,Finnmark
2025-03-09,96.28502288842462,29.06735050965936,53,Finnmark
2025-03-10,55.243085297196245,27.563387894567924,45,Finnmark
2025-03-11,49.11717206420835,29.15995284010689,43,Finnmark
2025-03-12,13.875310628669062,30.976436664488915,38,Finnmark
2025-03-13,61.59462363410788,31.182124090566823,44,Finnmark
2025-03-14,52.80224319684839,28.57474442694721,42,Finnmark
2025-03-15,91.63471864696655,26.195168471815666,46,Finnmark
2025-03-16,64.43568714608396,25.49622189815598,44,Finnmark
2025-03-17,34.01024271889728,28.69255929229672,40,Finnmark
2025-03-18,53.07715800857652,26.53251476556992,41,Finnmark
2025-03-19,75.4783113231589,27.314273217100617,45,Finnmark
2025-03-20,92.13545690897813,29.710871829334998,52,Finnmark
2025-03-21,85.21812406360168,33.49404560684453,55,Finnmark
2025-03-22,64.9851296331671,30.039501943298383,51,Finnmark
2025-03-23,57.016780713071704,27.101984479919203,44,Finnmark
2025-03-24,84.9069832983582,28.06489465315359,53,Finnmark
2025-03-25,55.56180054883891,27.096867783502795,45,Finnmark
2025-03-26,68.53576488214087,31.355158718442347,45,Finnmark
2025-03-27,75.75314791907398,29.100025035527384,48,Finnmark
2025-03-28,54.008239972728184,26.288765291366964,46,Finnmark
2025-03-29,61.16666633182082,29.062347415519326,43,Finnmark
2025-03-30,73.30321785984958,29.95538099728483,48,Finnmark
2025-03-31,93.26684547767812,30.71491029839405,53,Finnmark
2025-04-01,101.7812539757071,29.63076806801673,53,Finnmark
2025-04-02,92.4456728198825,28.836011322254052,52,Finnmark
2025-04-03,91.24145921737734,26.70804063692455,56,Finnmark
2025-04-04,63.987923599101805,28.24417641150708,52,Finnmark
2025-04-05,70.72927249666807,27.650067241679345,47,Finnmark
2025-04-06,99.40119795234251,25.08553439913709,53,Finnmark
2025-04-07,54.551527821812016,30.09303601047868,47,Finnmark
2025-04-08,54.60199166296159,28.36089789650049,42,Finnmark
2025-04-09,75.81602805362701,28.440716799992167,48,Finnmark
2025-04-10,38.92616495410024,29.08012704947527,39,Finnmark
2025-04-11,101.45046814106797,27.191076763362965,48,Finnmark
2025-04-12,97.40106026155469,26.861454049016988,53,Finnmark
2025-04-13,124.0385571775355,26.255214550910257,61,Finnmark
2025-04-14,81.95360508108135,27.711051973528203,56,Finnmark
2025-04-15,52.237282694208744,27.369395228392953,52,Finnmark
2025-04-16,85.28530789038427,27.172356028616758,50,Finnmark
2025-04-17,87.61307552391153,29.05725614628026,54,Finnmark
2025-04-18,105.60951136257864,27.653124025039777,56,Finnmark
2025-04-19,109.38167707384116,27.12112874808659,57,Finnmark
2025-04-20,78.52836568621754,28.68413205747803,53,Finnmark
2025-04-21,55.108873151085305,25.75402781874481,47,Finnmark
2025-04-22,66.67860379529394,30.104253259258837,47,Finnmark
2025-04-23,87.42403134319927,27.976552751303522,50,Finnmark
2025-04-24,92.38909382388958,33.50786480276436,55,Finnmark
2025-04-25,77.69080076026978,31.585285415861236,52,Finnmark
2025-04-26,48.7658799223621,26.61581462566885,48,Finnmark
2025-04-27,88.57775663604112,28.7125224182658,51,Finnmark
2025-04-28,54.27344570331027,32.15641207315236,45,Finnmark
2025-04-29,96.53956304838124,23.299473837326822,49,Finnmark
2025-04-30,106.80993993378421,28.687422963206767,58,Finnmark
2025-05-01,90.40829134961318,30.734009881251126,57,Finnmark
2025-05-02,69.84055824010431,26.848151589331014,51,Finnmark
2025-05-03,64.35014148972132,30.200370523214094,48,Finnmark
2025-05-04,46.404024611685685,27.815912167349893,43,Finnmark
2025-05-05,75.42737440435772,24.00407951900061,43,Finnmark
2025-05-06,56.64128248934834,27.91880187647518,42,Finnmark
2025-05-07,68.57984082864199,28.915436844702697,45,Finnmark
2025-05-08,69.45256209169342,27.079942355331827,46,Finnmark
2025-05-09,38.74552813613168,29.071122256192766,38,Finnmark
2025-05-10,97.33711657834743,28.97736699371858,51,Finnmark
2025-05-11,70.97358525922392,23.74275397287734,48,Finnmark
2025-05-12,37.01124784293996,25.359419991923534,41,Finnmark
2025-05-13,86.24852418657814,31.70637732965667,53,Finnmark
2025-05-14,71.08012165623425,29.248724744191925,50,Finnmark
2024-04-10,86.67248516980484,27.646024718132292,49,Troms
2024-04-11,39.17355561417831,31.001878565215755,40,Troms
2024-04-12,68.62707480630675,29.634913898313048,43,Troms
2024-04-13,63.044062876891104,31.725227159253848,44,Troms
2024-04-14,74.42753769100543,28.18231961626356,47,Troms
2024-04-15,67.3793098055644,26.154549829127152,42,Troms
2024-04-16,92.95886918330669,29.37667789742777,48,Troms
2024-04-17,67.02280248238107,30.681969702080433,44,Troms
2024-04-18,61.54279370472131,25.521102573580777,43,Troms
2024-04-19,75.53260352441954,26.12444220032665,46,Troms
2024-04-20,38.301736025889014,30.217784408487475,38,Troms
2024-04-21,76.13303940216338,28.40552084185702,45,Troms
2024-04-22,37.18076098905564,28.585707075776973,36,Troms
2024-04-23,59.79429719225113,29.01595249315009,37,Troms
2024-04-24,84.47982217189511,23.866052611561326,43,Troms
2024-04-25,46.08792085932781,28.63000116788621,40,Troms
2024-04-26,114.55758095086918,26.108876587198374,53,Troms
2024-04-27,65.34923643300301,29.92280728634616,47,Troms
2024-04-28,41.399494802011475,31.91215574861363,38,Troms
2024-04-29,68.17907512531589,26.813588814859468,41,Troms
2024-04-30,114.2933206129423,27.56161488924566,53,Troms
2024-05-01,94.15685761287006,30.41922984529552,52,Troms
2024-05-02,41.14969549426578,29.355692894585296,41,Troms
2024-05-03,66.28725083839298,28.68920557409184,42,Troms
2024-05-04,99.76433488616038,26.176648626205647,50,Troms
2024-05-05,64.98479262537171,33.531556068524935,45,Troms
2024-05-06,84.04883879812486,27.746922364856974,47,Troms
2024-05-07,88.95733052546122,29.831244297469247,49,Troms
2024-05-08,57.53932428420554,30.280269031278323,43,Troms
2024-05-09,108.24288386172229,26.128399491499692,53,Troms
2024-05-10,96.03420275094271,27.52399622415223,52,Troms
2024-05-11,110.67317350793728,28.477610414645564,55,Troms
2024-05-12,121.78194996164453,27.510584493619824,58,Troms
2024-05-13,63.47429307546012,28.871492473731184,48,Troms
2024-05-14,120.40139944811926,30.497305381919173,58,Troms
2024-05-15,21.628272955800565,29.129512211346704,37,Troms
2024-05-16,42.14109882788098,27.90459395693116,38,Troms
2024-05-17,126.47551146741014,26.5670496290272,48,Troms
2024-05-18,88.44389357117352,28.709287611081468,51,Troms
2024-05-19,43.038681576161515,26.546678523376613,42,Troms
2024-05-20,46.70001867721187,29.710503276380514,42,Troms
2024-05-21,8.766095876164984,27.7919677754739,32,Troms
2024-05-22,0.8779004212198878,26.88229573803004,26,Troms
2024-05-23,23.040812816483143,27.469901906745108,28,Troms
2024-05-24,36.24167295216608,24.608001128141844,29,Troms
2024-05-25,10.501102474006492,25.40560439001532,26,Troms
2024-05-26,27.654145867611792,26.96987017786836,29,Troms
2024-05-27,11.546183637091918,27.07632557148858,26,Troms
2024-05-28,23.65565965040946,24.154372316979924,29,Troms
2024-05-29,12.553262267303092,25.289325681838566,27,Troms
2024-05-30,9.24081283177652,25.02109771067554,28,Troms
2024-05-31,12.339442567290515,26.04433607156704,24,Troms
2024-06-01,8.61592066576689,27.145466197567846,24,Troms
2024-06-02,12.382162530532096,25.00103793247313,24,Troms
2024-06-03,19.176104075871866,28.39249757768104,26,Troms
2024-06-04,9.503250309586335,25.420453921366473,24,Troms
2024-06-05,16.902414122650505,24.528050103468317,25,Troms
2024-06-06,16.923205759908125,26.399318594044235,26,Troms
2024-06-07,13.684000550277837,25.459878762465056,25,Troms
2024-06-08,17.593221271046204,24.649634354714216,26,Troms
2024-06-09,19.05039229268381,25.94787752626267,25,Troms
2024-06-10,11.88040893647119,25.35918649240082,24,Troms
2024-06-11,14.476732069235709,27.3318507071814,28,Troms
2024-06-12,23.0592648467834,20.873349783896895,25,Troms
2024-06-13,7.436805079145849,24.4145313436928,22,Troms
2024-06-14,5.214433579396674,24.676772830103154,20,Troms
2024-06-15,20.28095286678055,22.86935961312848,23,Troms
2024-06-16,29.68179107240029,26.547448424587397,24,Troms
2024-06-17,14.33157935337865,25.901193317201063,21,Troms
2024-06-18,48.954786023296194,24.180634148042152,28,Troms
2024-06-19,63.56120105753233,21.17651645974377,30,Troms
2024-06-20,76.51514404741742,26.764851047250914,37,Troms
2024-06-21,41.702980423041474,25.09833961057303,31,Troms
2024-06-22,68.23427415819464,29.15925468664176,38,Troms
2024-06-23,49.03921221427656,27.5573098261397,34,Troms
2024-06-24,68.60639624331611,24.969914374992538,38,Troms
2024-06-25,70.59761118979175,25.078714210617935,37,Troms
2024-06-26,104.04746078913298,23.1587669560205,45,Troms
2024-06-27,47.55579711810303,24.17218524519768,36,Troms
2024-06-28,38.55742536357368,24.581381006232274,31,Troms
2024-06-29,78.16306479764854,19.00610343932331,36,Troms
2024-06-30,87.80420507582616,23.917297800542258,41,Troms
2024-07-01,63.8740059423649,21.271890232013714,36,Troms
2024-07-02,52.0310716366304,26.067504504673074,30,Troms
2024-07-03,28.499616182741576,25.14999485845506,30,Troms
2024-07-04,69.59773503732654,24.389060357097303,35,Troms
2024-07-05,71.12258859879807,21.30143263928478,36,Troms
2024-07-06,70.2448268862059,23.937135479072147,37,Troms
2024-07-07,94.99654187001879,23.147599920310334,41,Troms
2024-07-08,19.364765925983022,20.423569419291837,29,Troms
2024-07-09,54.48858415694351,22.750877643550677,33,Troms
2024-07-10,59.604590082408635,21.379391069342937,34,Troms
2024-07-11,61.968148585473344,22.07813599610388,34,Troms
2024-07-12,108.26304910711497,22.278845931214345,43,Troms
2024-07-13,61.57679917117271,23.98213887686471,38,Troms
2024-07-14,54.499133716269895,23.804481200283874,36,Troms
2024-07-15,85.74781913085799,22.681129248489423,41,Troms
2024-07-16,85.98895082220706,23.789896828345658,41,Troms
2024-07-17,55.887879412561865,18.263305649936726,36,Troms
2024-07-18,73.43476143229951,22.976752199426954,40,Troms
2024-07-19,47.51844017171624,19.858573873054688,32,Troms
2024-07-20,53.58181269543367,21.877289104465447,30,Troms
2024-07-21,49.44246026359367,20.59461835340457,31,Troms
2024-07-22,49.44040773859656,21.498938893121327,31,Troms
2024-07-23,63.27650657088233,22.097185676968422,33,Troms
2024-07-24,53.74471116447652,20.36832571945784,31,Troms
2024-07-25,52.063157715700925,25.925420947412654,33,Troms
2024-07-26,62.88490250344596,22.918762971032983,35,Troms
2024-07-27,53.334250083694904,21.793348963873633,34,Troms
2024-07-28,105.13041038718781,23.540981608449588,43,Troms
2024-07-29,44.971124909300876,22.27104257910067,38,Troms
2024-07-30,60.32299250227989,19.763240613944383,35,Troms
2024-07-31,88.06980080692662,21.39549461693292,39,Troms
2024-08-01,68.73635664616346,22.73320060266712,37,Troms
2024-08-02,35.112216298773546,20.604737303113826,29,Troms
2024-08-03,97.68042506569648,18.232720955865368,39,Troms
2024-08-04,68.43901572262591,19.958028830122725,33,Troms
2024-08-05,45.846100347879975,21.679562191428637,32,Troms
2024-08-06,46.88176377851583,21.92884030218759,28,Troms
2024-08-07,130.14723886482932,19.794680256699817,46,Troms
2024-08-08,57.86289011569969,21.295006484463155,35,Troms
2024-08-09,92.81973325145242,19.54506809805771,43,Troms
2024-08-10,112.64346587837952,19.841696937089562,46,Troms
2024-08-11,61.42555585703958,19.965184760593033,39,Troms
2024-08-12,75.72360432103709,18.902227766050586,38,Troms
2024-08-13,49.164597916784786,18.869256039174456,34,Troms
2024-08-14,51.01494098640734,22.94912851174162,31,Troms
2024-08-15,94.43972889368037,19.313256384615617,40,Troms
2024-08-16,90.12878441043506,17.628854279994393,43,Troms
2024-08-17,65.27500852628926,22.373026871193545,38,Troms
2024-08-18,55.473618506958566,22.473271532783084,35,Troms
2024-08-19,60.73735687596883,17.4917635104284,33,Troms
2024-08-20,46.980595045786515,24.069925698119818,32,Troms
2024-08-21,76.01427089671884,17.940439752988215,33,Troms
2024-08-22,109.52148874034552,18.408349469528428,44,Troms
2024-08-23,63.98173531901573,20.481640163220348,35,Troms
2024-08-24,54.200031074860085,18.957742869968484,32,Troms
2024-08-25,75.51852774568516,20.392352939653442,36,Troms
2024-08-26,61.459387082126355,16.832835799912125,35,Troms
2024-08-27,60.871588453607735,18.01450863832141,34,Troms
2024-08-28,61.57392643115746,20.85698695375342,31,Troms
2024-08-29,55.94206223916035,20.03378141825463,29,Troms
2024-08-30,80.37397261175019,19.525943547221658,35,Troms
2024-08-31,80.63393736573632,19.953226872607395,37,Troms
2024-09-01,89.98759641246443,19.35095560769423,40,Troms
2024-09-02,74.60602288117552,21.416914149885727,39,Troms
2024-09-03,75.89562973958643,23.322270473673516,38,Troms
2024-09-04,45.526646440694975,14.862283078126733,33,Troms
2024-09-05,65.19836094317178,17.102431658075805,35,Troms
2024-09-06,96.12101931214944,22.238168242724566,41,Troms
2024-09-07,62.50541732756568,19.15823025224474,35,Troms
2024-09-08,49.37753373312141,20.93450522951125,32,Troms
2024-09-09,127.93744338093722,17.632926777408947,45,Troms
2024-09-10,52.13214015662376,19.492551585887327,34,Troms
2024-09-11,94.6768689945276,19.274527771903816,36,Troms
2024-09-12,49.25883072536507,20.865428376467584,30,Troms
2024-09-13,79.30029414937701,17.759395542213724,35,Troms
2024-09-14,55.13813205112089,19.54532322481608,34,Troms
2024-09-15,74.57683622417676,20.212769197404164,35,Troms
2024-09-16,56.3105654533411,21.53578000974006,36,Troms
2024-09-17,85.13390654755415,16.21365366055921,37,Troms
2024-09-18,86.48804332704148,18.74286694443176,38,Troms
2024-09-19,58.38354198228252,21.84296252818554,35,Troms
2024-09-20,63.04600001175855,16.653327509260006,34,Troms
2024-09-21,65.44553988845709,20.01301697108517,35,Troms
2024-09-22,59.72038333995741,23.53944561386768,33,Troms
2024-09-23,64.9244898034834,19.60461496877223,34,Troms
2024-09-24,71.3988476512816,19.884612036522935,36,Troms
2024-09-25,61.25682566259745,22.901238739372516,37,Troms
2024-09-26,101.47958909868508,20.875120461216856,46,Troms
2024-09-27,50.63131756229543,18.126749475121947,33,Troms
2024-09-28,65.4873789709196,16.915653686392346,35,Troms
2024-09-29,62.228243275582045,21.043383025118374,33,Troms
2024-09-30,43.99950093981316,19.40211641503832,29,Troms
2024-10-01,77.25441974762316,19.53216320807715,35,Troms
2024-10-02,55.78630032728678,15.901392733727905,32,Troms
2024-10-03,84.67026982997096,19.892182218642752,39,Troms
2024-10-04,89.56118339213305,17.390478810048798,40,Troms
2024-10-05,53.23810616439624,17.210751407903988,33,Troms
2024-10-06,58.06487224576811,15.760327828549347,33,Troms
2024-10-07,47.41698758755142,16.46431222829995,28,Troms
2024-10-08,66.30093882744454,16.23969136356478,33,Troms
2024-10-09,54.22297338639679,17.764281038946372,30,Troms
2024-10-10,64.57460274794704,18.60645635881044,33,Troms
2024-10-11,89.5803693804108,15.893791879253328,36,Troms
2024-10-12,87.55744484016516,13.367065935703025,37,Troms
2024-10-13,67.45945122905997,19.453344848073375,35,Troms
2024-10-14,114.49483126266072,18.543590691702338,43,Troms
2024-10-15,61.733943273567434,19.783949983375372,36,Troms
2024-10-16,45.692928613673914,20.80820442119729,32,Troms
2024-10-17,83.51519501312202,20.207980530711236,37,Troms
2024-10-18,58.84517618336522,17.415922490925432,35,Troms
2024-10-19,72.72672456797768,18.78397768150632,36,Troms
2024-10-20,50.47918640002249,23.189703092629152,32,Troms
2024-10-21,89.23548837687885,20.167031495928658,39,Troms
2024-10-22,82.22674072524651,21.560944184774485,39,Troms
2024-10-23,71.11969012563671,20.56618503077655,38,Troms
2024-10-24,50.335385438194145,20.494641581655053,33,Troms
2024-10-25,48.01595270247892,24.00165988501556,31,Troms
2024-10-26,66.49145050116934,20.514327193379824,34,Troms
2024-10-27,121.05296182707619,21.62393130251255,48,Troms
2024-10-28,51.48299405459787,16.235598326302373,33,Troms
2024-10-29,44.32458894853679,17.45609943322188,34,Troms
2024-10-30,28.77913381521251,21.11720497598825,26,Troms
2024-10-31,64.22879070518422,18.62796766836268,31,Troms
2024-11-01,76.69966780102692,21.6313869486561,38,Troms
2024-11-02,46.764165212819606,23.182246001097393,31,Troms
2024-11-03,55.88631966050181,23.044603654934857,33,Troms
2024-11-04,61.75017721777458,16.38668885390925,33,Troms
2024-11-05,83.75962512767514,20.498762288495374,38,Troms
2024-11-06,37.618425805067325,18.261602187602268,30,Troms
2024-11-07,96.34005404275523,21.120520445303484,44,Troms
2024-11-08,83.08093767052382,17.55797892778012,41,Troms
2024-11-09,61.34954311219791,20.571912696891832,38,Troms
2024-11-10,64.83768271961242,21.329492705166402,39,Troms
2024-11-11,64.79228104179114,17.25118413276278,39,Troms
2024-11-12,7.379547549172692,20.08739688860104,28,Troms
2024-11-13,13.198437069742782,21.777678227840784,25,Troms
2024-11-14,17.86664720040201,20.97865622528914,23,Troms
2024-11-15,17.536900534875457,20.71537025528551,25,Troms
2024-11-16,19.49478458423072,20.742720299893822,26,Troms
2024-11-17,16.624711915471497,18.24545002904667,28,Troms
2024-11-18,10.412156665612397,20.79717531484135,27,Troms
2024-11-19,15.59923915106362,20.57483551200095,24,Troms
2024-11-20,15.154199840495988,21.508013469719792,23,Troms
2024-11-21,3.5711814769440196,22.27323363144061,22,Troms
2024-11-22,11.81727535664981,19.22950430727025,20,Troms
2024-11-23,9.846907057552743,18.949992874603833,21,Troms
2024-11-24,15.680412474447802,21.131959912338235,22,Troms
2024-11-25,17.04120521832672,17.759664754835008,23,Troms
2024-11-26,13.248215995478814,22.562511716489237,22,Troms
2024-11-27,25.792094411347843,23.345195156104435,24,Troms
2024-11-28,25.440829096290546,19.846499627345658,26,Troms
2024-11-29,20.551312057511847,20.627755371606863,26,Troms
2024-11-30,38.707364552483746,22.128654682947207,30,Troms
2024-12-01,10.845498013258574,22.478460972679468,19,Troms
2024-12-02,17.167048052369427,24.061281629777376,24,Troms
2024-12-03,17.95801231368271,25.570400228444687,26,Troms
2024-12-04,18.69213411111952,24.04339111796013,26,Troms
2024-12-05,16.906913506983738,25.190293327123904,26,Troms
2024-12-06,5.705857324038236,19.789995164428586,23,Troms
2024-12-07,16.583610495636943,22.301328888079897,28,Troms
2024-12-08,16.642100823000508,24.75204853154421,22,Troms
2024-12-09,8.578843522828164,19.653467707808204,20,Troms
2024-12-10,9.385817236390306,21.807056949583124,19,Troms
2024-12-11,15.702204541993385,23.5903497290717,23,Troms
2024-12-12,6.880607706108574,22.71065144602722,20,Troms
2024-12-13,20.170248225557526,22.075603588774598,21,Troms
2024-12-14,11.728320335400412,20.856413699479237,21,Troms
2024-12-15,10.331270857834783,19.920758661878594,22,Troms
2024-12-16,16.365294812004024,22.631813125723255,24,Troms
2024-12-17,18.027971478964027,25.17348826324797,27,Troms
2024-12-18,16.599604444012755,23.459421140378314,25,Troms
2024-12-19,7.561074106187769,20.85541082764401,20,Troms
2024-12-20,17.82175630898007,23.320748067002867,23,Troms
2024-12-21,18.656924740065396,22.360978803518492,22,Troms
2024-12-22,14.744542214242216,23.50055965484875,22,Troms
2024-12-23,16.4713117811607,26.090702810070848,23,Troms
2024-12-24,8.67050345661739,25.793597000302732,23,Troms
2024-12-25,11.696821995438158,25.554693654133935,21,Troms
2024-12-26,16.977223963720085,24.8086683682577,21,Troms
2024-12-27,4.590641307554112,23.35506076605195,19,Troms
2024-12-28,6.303911014716313,25.713141300771337,16,Troms
2024-12-29,32.522903166340626,19.99959879298312,21,Troms
2024-12-30,10.23693305042077,24.120816310063624,19,Troms
2024-12-31,7.507950026169151,23.137517611539895,19,Troms
2025-01-01,8.074402957990083,23.537614141850206,16,Troms
2025-01-02,5.71163612227085,24.29208312782259,16,Troms
2025-01-03,11.871738400932081,26.198344495142702,19,Troms
2025-01-04,14.232577024525876,22.75537525022762,19,Troms
2025-01-05,15.431457973234593,28.528295436936364,17,Troms
2025-01-06,11.99023812521086,24.595671074988257,18,Troms
2025-01-07,21.735925623666585,25.05483347461782,19,Troms
2025-01-08,7.309897140290374,25.82162371604033,17,Troms
2025-01-09,18.73815463976296,25.91805991418634,19,Troms
2025-01-10,12.868080081210906,23.74805585554879,21,Troms
2025-01-11,9.494836642351064,29.181100185099428,21,Troms
2025-01-12,17.44474495094575,23.56046110417197,21,Troms
2025-01-13,32.64225033564226,24.785951744845338,26,Troms
2025-01-14,10.628322497232327,27.262229866341354,22,Troms
2025-01-15,9.617090499505089,26.025590897253227,20,Troms
2025-01-16,20.219711768409557,25.09285583970553,20,Troms
2025-01-17,22.167475261232905,25.549045960625957,23,Troms
2025-01-18,29.932824116100697,21.600655937054018,24,Troms
2025-01-19,17.375279157720197,25.62857045515166,21,Troms
2025-01-20,17.028674603066047,24.223936904233952,20,Troms
2025-01-21,5.783088379526706,29.551340737761613,22,Troms
2025-01-22,10.119279228806557,25.94520585422131,19,Troms
2025-01-23,19.09980580075514,25.39208397540011,20,Troms
2025-01-24,25.477144559955573,28.051567610404895,25,Troms
2025-01-25,26.587600023034483,24.946698515191436,25,Troms
2025-01-26,19.026757090831758,26.166635503718204,23,Troms
2025-01-27,22.413344857022768,24.44385799248485,23,Troms
2025-01-28,19.64111741107167,25.472449547097693,22,Troms
2025-01-29,23.680398904443425,27.434678233532658,23,Troms
2025-01-30,14.87414817727299,28.750188683600342,24,Troms
2025-01-31,27.20623564909453,27.96341348888143,24,Troms
2025-02-01,13.045168212098162,27.510939744761668,22,Troms
2025-02-02,13.157794793794425,28.60905882107418,21,Troms
2025-02-03,14.561964393514742,24.94889783637085,21,Troms
2025-02-04,8.314363349497551,28.49688129053409,20,Troms
2025-02-05,17.061049405877213,26.24460017732282,21,Troms
2025-02-06,16.671642295907894,30.100177075671844,23,Troms
2025-02-07,16.322404594571044,30.168379764172748,27,Troms
2025-02-08,19.89028668433028,28.74259384168,22,Troms
2025-02-09,21.49877303657107,27.47691440741364,25,Troms
2025-02-10,17.215290307361087,29.887252403906132,24,Troms
2025-02-11,33.444178814020134,24.175785691866935,26,Troms
2025-02-12,7.059634393003735,26.737295531498248,22,Troms
2025-02-13,12.846309420748398,28.303719481518172,23,Troms
2025-02-14,11.44628067903359,30.06388259398536,23,Troms
2025-02-15,19.622415969014533,25.076761646149542,22,Troms
2025-02-16,22.919779559535954,26.929343513211,20,Troms
2025-02-17,18.979997749138214,28.740420859357126,22,Troms
2025-02-18,11.01638020183734,26.706744023126554,21,Troms
2025-02-19,25.683298993142323,30.199574939715333,26,Troms
2025-02-20,17.676855962734628,24.887314084959723,24,Troms
2025-02-21,13.302481621470193,25.877082338683646,23,Troms
2025-02-22,27.85103881746404,29.800128155651215,26,Troms
2025-02-23,19.024945335036552,26.439845958368302,27,Troms
2025-02-24,5.719570628405707,25.393722629456207,20,Troms
2025-02-25,7.827676259037404,28.698821427066605,21,Troms
2025-02-26,18.21049978185108,30.854636212354052,21,Troms
2025-02-27,16.98771100965518,30.182277065755233,21,Troms
2025-02-28,16.99255430035693,26.068108374611217,21,Troms
2025-03-01,19.33137019667691,32.52614514426425,24,Troms
2025-03-02,15.858653061798789,25.286116740052876,22,Troms
2025-03-03,8.531088925958416,30.114661503539782,22,Troms
2025-03-04,96.79938992246035,29.62831514114897,39,Troms
2025-03-05,33.44673798850103,28.378138976448245,32,Troms
2025-03-06,108.15182799775084,28.64400883574761,49,Troms
2025-03-07,55.21782158680625,28.63002533849321,42,Troms
2025-03-08,65.23530848992287,30.854023715496005,45,Troms
2025-03-09,47.88760076099478,31.89470509427394,42,Troms
2025-03-10,49.5013868683778,26.418355952494224,41,Troms
2025-03-11,117.3435352241532,29.88782693873646,54,Troms
2025-03-12,83.55458535246078,28.327261244571524,50,Troms
2025-03-13,54.83016468081746,30.13792296967794,41,Troms
2025-03-14,33.56840373850565,27.59512319875936,39,Troms
2025-03-15,47.474307683624126,28.78123057325238,37,Troms
2025-03-16,97.777732296391,30.76204003805548,48,Troms
2025-03-17,66.30289799495486,28.970126189448877,49,Troms
2025-03-18,44.027163770143545,29.801188358699875,39,Troms
2025-03-19,66.86568814298363,32.04092508886722,42,Troms
2025-03-20,88.86395865327525,28.032181777655136,47,Troms
2025-03-21,87.49476424556889,29.935124400225284,49,Troms
2025-03-22,40.480677264710486,28.553461498473133,41,Troms
2025-03-23,44.61948677778098,28.646901960989673,38,Troms
2025-03-24,62.32793682854371,30.47164992859577,39,Troms
2025-03-25,49.56732333989545,30.979072845952455,40,Troms
2025-03-26,35.496208434613386,28.78621490784541,37,Troms
2025-03-27,58.653922343127235,33.258248463982625,39,Troms
2025-03-28,66.93682133060908,24.574181399341875,43,Troms
2025-03-29,90.61665400600614,31.178566694059406,51,Troms
2025-03-30,60.34076501920253,27.660612569630786,44,Troms
2025-03-31,50.66414765853409,29.139640275873194,40,Troms
2025-04-01,60.441951513549604,25.24836609798182,41,Troms
2025-04-02,90.16633292786614,30.83360145037572,50,Troms
2025-04-03,93.36718436187657,29.20944167553416,51,Troms
2025-04-04,53.24771849118824,28.432311484914013,45,Troms
2025-04-05,94.97177361083808,32.14929746809301,51,Troms
2025-04-06,73.78072626219263,29.132327795511827,47,Troms
2025-04-07,46.03230613187005,24.7951176401728,42,Troms
2025-04-08,100.91815610792719,28.2047161577262,49,Troms
2025-04-09,28.78130597674341,32.22115365267573,39,Troms
2025-04-10,63.30978513777412,30.51243706588334,42,Troms
2025-04-11,85.23467126864574,27.806561587875915,46,Troms
2025-04-12,86.08592796409228,28.709350252424112,49,Troms
2025-04-13,89.83955205103499,26.69101390799517,51,Troms
2025-04-14,105.53685759193614,27.596292560487843,55,Troms
2025-04-15,31.236646035316696,29.823308901519642,41,Troms
2025-04-16,93.86189214001035,30.20311535106891,52,Troms
2025-04-17,70.92850177771399,32.128013970332674,47,Troms
2025-04-18,72.37547523434556,26.99763501120475,48,Troms
2025-04-19,46.31293608178142,30.13994649694725,43,Troms
2025-04-20,68.5183891098204,26.11405755249636,46,Troms
2025-04-21,58.198662089143085,26.78717384364463,45,Troms
2025-04-22,68.23716022610971,29.358872005683484,46,Troms
2025-04-23,74.93986916516074,27.242453731265865,46,Troms
2025-04-24,91.07314594507217,27.599984351203073,51,Troms
2025-04-25,76.66578766353064,26.360386500438928,50,Troms
2025-04-26,78.12827341179998,25.52461861931204,44,Troms
2025-04-27,77.28061798488679,26.20564346536284,45,Troms
2025-04-28,58.554476396387805,26.31850431787252,43,Troms
2025-04-29,84.00760313312576,29.86974683704798,48,Troms
2025-04-30,87.15751966397809,27.957134545502427,51,Troms
2025-05-01,75.31388452526433,29.23410371059389,49,Troms
2025-05-02,50.800926010672825,30.30702345984749,44,Troms
2025-05-03,60.527203222400246,30.031954410835052,42,Troms
2025-05-04,50.5743258110033,22.824174912383974,36,Troms
2025-05-05,70.75700478510275,30.06441321818151,42,Troms
2025-05-06,143.60869168325473,27.587522478662624,57,Troms
2025-05-07,56.27297943901619,27.34274905753292,43,Troms
2025-05-08,75.56749638760571,29.341626277994052,46,Troms
2025-05-09,56.95337502203027,26.97928913727401,42,Troms
2025-05-10,86.86960808447681,29.301968364434952,48,Troms
2025-05-11,78.86831764044267,27.0953653547051,47,Troms
2025-05-12,128.32570981545106,24.967935453357498,57,Troms
2025-05-13,73.41580738472364,22.82085001523879,46,Troms
2025-05-14,97.0790426652422,27.558949177869014,51,Troms
2024-04-10,18.55468282714336,27.68414393047425,29,Nordland
2024-04-11,20.01870995441614,27.663884182857977,31,Nordland
2024-04-12,12.503739150616994,23.904777557808046,29,Nordland
2024-04-13,19.273154763529455,27.73974238267799,31,Nordland
2024-04-14,22.924027314486086,25.723411698340318,30,Nordland
2024-04-15,7.948452575858031,29.039549471358118,33,Nordland
2024-04-16,12.022126967887287,27.768296734694683,29,Nordland
2024-04-17,13.51568396246987,27.61753962311527,33,Nordland
2024-04-18,12.131237127014938,29.616858228356033,31,Nordland
2024-04-19,22.200552368252357,27.563631988290716,32,Nordland
2024-04-20,11.657585903453832,27.8061095440466,32,Nordland
2024-04-21,16.634160497008263,28.897497983315247,31,Nordland
2024-04-22,15.310334829130024,26.191100606420576,31,Nordland
2024-04-23,9.988193301735752,30.481515082754782,29,Nordland
2024-04-24,3.191720854285439,30.35987511618865,28,Nordland
2024-04-25,15.08775712064264,31.792406078849577,32,Nordland
2024-04-26,16.770802389466837,31.460965673219928,32,Nordland
2024-04-27,11.770819795484021,29.081636030247445,31,Nordland
2024-04-28,14.834344666688402,29.851372665943604,32,Nordland
2024-04-29,18.176882515636436,27.420038480160922,31,Nordland
2024-04-30,24.267792122243872,26.775959453715142,34,Nordland
2024-05-01,18.250792277887538,27.481665493131846,32,Nordland
2024-05-02,8.85256072947786,31.578659303929612,31,Nordland
2024-05-03,16.763051649980802,31.00828993512203,33,Nordland
2024-05-04,15.316129761011393,33.14023340140053,31,Nordland
2024-05-05,8.910827903060971,26.28411113177466,27,Nordland
2024-05-06,10.729414170922588,28.02947703550553,29,Nordland
2024-05-07,10.387397229623073,27.620178717450145,30,Nordland
2024-05-08,10.753642024330164,32.33731733014165,32,Nordland
2024-05-09,26.266882013319417,29.489190037186827,31,Nordland
2024-05-10,19.463189209758774,29.40664310173326,31,Nordland
2024-05-11,18.901654751350634,29.44110782018732,33,Nordland
2024-05-12,15.431976639679533,27.260316026166542,34,Nordland
2024-05-13,10.395994341796841,26.14768079379273,34,Nordland
2024-05-14,18.084751348154548,25.3591707209667,29,Nordland
2024-05-15,14.405997405842228,24.97100274698924,30,Nordland
2024-05-16,15.16586291708862,28.68349536431242,29,Nordland
2024-05-17,16.76839118261939,26.579924108038252,29,Nordland
2024-05-18,6.605499636725835,27.637631654660634,32,Nordland
2024-05-19,41.13003903141574,30.263577108248064,39,Nordland
2024-05-20,19.43529308405102,28.38535439613291,33,Nordland
2024-05-21,10.851964592232408,24.018754340390352,29,Nordland
2024-05-22,5.3929218938876415,29.05308034085547,27,Nordland
2024-05-23,12.079785879342763,27.699942638676006,30,Nordland
2024-05-24,15.997744744449777,25.177441009789526,25,Nordland
2024-05-25,16.10847798229045,27.343101229721363,27,Nordland
2024-05-26,12.531246310341192,23.44973836296817,25,Nordland
2024-05-27,20.84525530052943,26.533026137814176,28,Nordland
2024-05-28,17.13789718353582,25.4145933209864,27,Nordland
2024-05-29,17.200988635635685,27.92522124280958,27,Nordland
2024-05-30,14.363051704598291,25.78819662615512,25,Nordland
2024-05-31,7.799880449440964,24.85090033255469,25,Nordland
2024-06-01,10.714512323265584,25.40348926360796,23,Nordland
2024-06-02,4.916153201919336,28.436010787682196,22,Nordland
2024-06-03,10.413921208824958,29.417490753619248,25,Nordland
2024-06-04,21.57506521885902,23.536268922440563,24,Nordland
2024-06-05,18.0640591371182,27.352813411965403,27,Nordland
2024-06-06,20.905086633560167,26.097281883835716,30,Nordland
2024-06-07,17.065684830677085,22.98648313395855,27,Nordland
2024-06-08,12.590007569217935,26.862016502992013,26,Nordland
2024-06-09,17.81203116967861,22.48745358524255,26,Nordland
2024-06-10,22.82294107998607,25.143653219590913,27,Nordland
2024-06-11,16.96072977017856,23.21822386396952,26,Nordland
2024-06-12,20.362352448258356,24.359294501531515,27,Nordland
2024-06-13,21.55074858785307,23.625158999130573,25,Nordland
2024-06-14,15.8281662588052,25.93264262286803,24,Nordland
2024-06-15,16.978811483262362,27.317027384430887,24,Nordland
2024-06-16,8.98686397956697,22.587961222560104,22,Nordland
2024-06-17,21.45504680107004,30.396016372817712,25,Nordland
2024-06-18,16.650398455843995,21.592377119716854,24,Nordland
2024-06-19,27.441851573263836,21.425444197980735,24,Nordland
2024-06-20,10.594572887025748,21.60807532746734,24,Nordland
2024-06-21,9.57317035815165,23.49988355075035,26,Nordland
2024-06-22,24.81773715179399,24.345240111446547,28,Nordland
2024-06-23,15.242429532010613,22.486282836704007,29,Nordland
2024-06-24,7.52868113321137,24.262614283791766,27,Nordland
2024-06-25,9.21768515062729,23.896860695820227,27,Nordland
2024-06-26,16.262020887468747,26.545215688767378,27,Nordland
2024-06-27,11.259723384743657,27.59093985316905,27,Nordland
2024-06-28,11.986393490488032,23.71777452046894,23,Nordland
2024-06-29,9.672267153487901,20.583349715776265,22,Nordland
2024-06-30,20.481194017276746,26.314814673039983,23,Nordland
2024-07-01,9.240747991124362,23.67600076777294,23,Nordland
2024-07-02,19.101515125130412,25.815393314071954,27,Nordland
2024-07-03,14.366225945597916,19.527923690804272,22,Nordland
2024-07-04,24.408224546918216,27.40588035280838,25,Nordland
2024-07-05,12.87475014173383,26.460640461675276,23,Nordland
2024-07-06,17.91522749874094,25.67782863689407,25,Nordland
2024-07-07,7.977600171071705,23.127824145692195,23,Nordland
2024-07-08,17.33500762506677,23.101552750132253,22,Nordland
2024-07-09,20.057829533130434,25.724908436403105,25,Nordland
2024-07-10,7.366964615358189,21.4182496932036,21,Nordland
2024-07-11,7.299874439181545,24.21018790284338,20,Nordland
2024-07-12,18.937901506665185,19.559930556614077,22,Nordland
2024-07-13,1.330155214361823,20.434939140351474,23,Nordland
2024-07-14,7.084483728555023,23.912570982207754,22,Nordland
2024-07-15,11.451637458434806,25.122873413946582,23,Nordland
2024-07-16,22.288903673797268,26.408871298694066,26,Nordland
2024-07-17,18.020776695566862,22.906341173423545,25,Nordland
2024-07-18,20.269608174350513,20.605246956625642,22,Nordland
2024-07-19,16.04933235140829,19.47032754048479,23,Nordland
2024-07-20,16.382307614139588,21.97890856095293,23,Nordland
2024-07-21,13.843649116540984,21.001609057012036,20,Nordland
2024-07-22,17.50774977537444,20.621515755179672,23,Nordland
2024-07-23,16.803324985043435,19.50898164318091,22,Nordland
2024-07-24,12.37647473542504,20.61518232130868,24,Nordland
2024-07-25,14.672523091273543,18.49513308623419,22,Nordland
2024-07-26,15.088065167956167,24.667114664575664,22,Nordland
2024-07-27,19.638610051492858,21.480474899935214,24,Nordland
2024-07-28,14.858930644593077,21.2989474614399,24,Nordland
2024-07-29,11.838204654497957,22.196111127413328,24,Nordland
2024-07-30,15.863598521048267,20.354441609837284,24,Nordland
2024-07-31,0.8331210819680264,24.293902922156953,21,Nordland
2024-08-01,20.8684764800144,24.557002088268785,23,Nordland
2024-08-02,30.911813332392825,26.05807504028001,29,Nordland
2024-08-03,17.21142406475374,23.450165643762812,24,Nordland
2024-08-04,8.976355024827596,20.010580399257336,27,Nordland
2024-08-05,31.175038648094787,21.105959086435615,22,Nordland
2024-08-06,15.356820420860831,21.480048628553917,21,Nordland
2024-08-07,11.418634011795573,19.423678649959964,22,Nordland
2024-08-08,6.1796593561789805,21.247620957121477,22,Nordland
2024-08-09,10.357891500482495,20.927793419620055,22,Nordland
2024-08-10,19.555013142036852,19.435202601740624,24,Nordland
2024-08-11,17.23236770801784,20.272522612179714,24,Nordland
2024-08-12,0.0,24.160647440083206,21,Nordland
2024-08-13,4.831597634531372,22.05624637603116,18,Nordland
2024-08-14,8.695994579995327,18.79535746101694,20,Nordland
2024-08-15,19.64660798627817,20.15766158582978,23,Nordland
2024-08-16,16.639770784370835,15.598671909176119,20,Nordland
2024-08-17,15.104521985113934,23.727447818943432,22,Nordland
2024-08-18,12.417663907454168,16.99514073813843,21,Nordland
2024-08-19,22.37261450646851,18.50962024843451,23,Nordland
2024-08-20,10.104155361430053,20.637407467163865,23,Nordland
2024-08-21,18.57698997214947,19.030820602067795,22,Nordland
2024-08-22,13.193299770694509,21.430427423335082,21,Nordland
2024-08-23,9.463524178014078,22.007110868066384,22,Nordland
2024-08-24,20.994941655470605,20.043403094018977,20,Nordland
2024-08-25,12.04428475008117,19.34269660506618,22,Nordland
2024-08-26,14.492622935747214,25.33653127302899,24,Nordland
2024-08-27,13.151304989575117,20.26984386333636,21,Nordland
2024-08-28,11.975834777734843,17.435595156572745,20,Nordland
2024-08-29,13.3130164544539,18.148299147550503,19,Nordland
2024-08-30,12.932509946798252,18.82023238199654,20,Nordland
2024-08-31,34.53502771184491,17.354250246732168,25,Nordland
2024-09-01,18.888248008785677,19.2823532587456,24,Nordland
2024-09-02,30.3886193503574,22.050997527346464,28,Nordland
2024-09-03,17.95924499151868,19.689528255698608,26,Nordland
2024-09-04,5.62188205678083,14.954184273710656,19,Nordland
2024-09-05,7.74561794155006,15.55244893501253,18,Nordland
2024-09-06,13.912752194207526,23.30057838357429,20,Nordland
2024-09-07,13.656863486068227,19.486759628642666,22,Nordland
2024-09-08,13.864874470106061,24.71016525315018,22,Nordland
2024-09-09,10.519755803128188,16.356614971600113,22,Nordland
2024-09-10,9.588809816583218,17.351642953559647,21,Nordland
2024-09-11,21.063019512276174,18.390596938895133,17,Nordland
2024-09-12,27.787758125520607,18.164985320575326,22,Nordland
2024-09-13,7.766771611181376,17.09334027339908,20,Nordland
2024-09-14,9.4520892525345,20.124113967126558,18,Nordland
2024-09-15,24.570286372616106,19.0536363991839,21,Nordland
2024-09-16,16.013894020167548,16.006799758134527,20,Nordland
2024-09-17,9.651884988501504,18.710147240588615,19,Nordland
2024-09-18,14.117263419595895,19.324794757307288,20,Nordland
2024-09-19,19.981309848718993,16.060218551312495,21,Nordland
2024-09-20,33.09027553582995,19.17894661650134,25,Nordland
2024-09-21,10.820329596147323,18.85221791986387,20,Nordland
2024-09-22,12.46798369746181,21.057244785253435,23,Nordland
2024-09-23,12.50906254393289,19.66966703187355,20,Nordland
2024-09-24,5.562696666887749,20.666957869233354,18,Nordland
2024-09-25,14.374193823783765,19.405425790922145,22,Nordland
2024-09-26,12.176693985638813,20.569044541465512,22,Nordland
2024-09-27,9.521435157785088,18.636503574267664,24,Nordland
2024-09-28,19.688716822579178,19.040312623478332,22,Nordland
2024-09-29,20.654123451639652,18.61314140495452,22,Nordland
2024-09-30,13.892388956596125,18.08641847365637,20,Nordland
2024-10-01,24.230911780853614,17.149724267860147,25,Nordland
2024-10-02,10.589146338243404,20.3145002590438,22,Nordland
2024-10-03,12.67274190561442,20.19090934476616,21,Nordland
2024-10-04,23.957210664708633,20.666269289003168,24,Nordland
2024-10-05,10.368033025379017,19.6162495642631,20,Nordland
2024-10-06,23.581760292649594,21.070932972486666,24,Nordland
2024-10-07,17.471205295810638,21.383567169473707,25,Nordland
2024-10-08,11.944459828430093,15.849964464910247,20,Nordland
2024-10-09,17.54789864434891,17.34788071191161,21,Nordland
2024-10-10,6.541637446472226,18.23605287273096,19,Nordland
2024-10-11,20.74661103809586,16.124912410944432,21,Nordland
2024-10-12,17.325370644149572,21.790884368125752,21,Nordland
2024-10-13,6.898706082951734,20.14312794001805,22,Nordland
2024-10-14,15.084074255712697,16.56787236956108,20,Nordland
2024-10-15,11.24322208851094,17.503912987186677,22,Nordland
2024-10-16,15.669632249824344,17.11980637965508,21,Nordland
2024-10-17,13.899659949950005,21.07947715436413,22,Nordland
2024-10-18,18.969546610340895,17.152637874499316,22,Nordland
2024-10-19,11.6557484389672,19.741174791239793,20,Nordland
2024-10-20,15.818714262458514,18.568458916026717,19,Nordland
2024-10-21,15.163961458449705,22.539914654089735,20,Nordland
2024-10-22,12.433656626284112,22.503745050492647,21,Nordland
2024-10-23,8.899602322973374,21.43020164732129,21,Nordland
2024-10-24,6.750117962730053,20.245476613903413,19,Nordland
2024-10-25,26.53119292474107,19.418520162649546,22,Nordland
2024-10-26,20.991409381318455,20.35234802927846,24,Nordland
2024-10-27,36.086650064595474,20.728723224863074,26,Nordland
2024-10-28,19.367382397289628,23.677472187381518,24,Nordland
2024-10-29,20.310968429948836,23.739102017354078,21,Nordland
2024-10-30,4.364322803015968,21.64789320872838,19,Nordland
2024-10-31,9.59736111331449,18.52012557510641,20,Nordland
2024-11-01,14.225600279714127,22.045769948419466,22,Nordland
2024-11-02,11.485385746954549,18.043966962740694,22,Nordland
2024-11-03,17.750529054611608,17.945334686688703,20,Nordland
2024-11-04,23.515060843485333,21.96744576922703,21,Nordland
2024-11-05,17.6123019721949,18.408121265063485,22,Nordland
2024-11-06,10.35629932656952,20.45169729991005,23,Nordland
2024-11-07,15.532417992003555,19.40877663303744,24,Nordland
2024-11-08,18.041057630007035,23.360444627165037,29,Nordland
2024-11-09,21.219872841535423,17.703208907291323,28,Nordland
2024-11-10,20.08174623080797,20.056315628362473,26,Nordland
2024-11-11,22.642476817861596,19.68481705213365,25,Nordland
2024-11-12,17.5995382232314,18.647867968200877,24,Nordland
2024-11-13,13.738883051762002,19.093097922908193,20,Nordland
2024-11-14,15.782394641282652,20.66343362462648,23,Nordland
2024-11-15,13.060902440456296,20.243660073368833,25,Nordland
2024-11-16,19.476606847149718,21.669089952409895,27,Nordland
2024-11-17,11.55101764788331,21.681228519518477,24,Nordland
2024-11-18,11.69049076462833,21.35929492439129,23,Nordland
2024-11-19,18.869404248883377,21.29259240850145,23,Nordland
2024-11-20,21.533203980456484,19.09209664363403,23,Nordland
2024-11-21,19.358339003467428,20.866458976912952,23,Nordland
2024-11-22,25.836788829675292,21.21164751910086,27,Nordland
2024-11-23,17.835066206872334,20.35006313759111,27,Nordland
2024-11-24,8.180196602721525,19.22091508941911,22,Nordland
2024-11-25,19.045751108865513,18.22855442178098,23,Nordland
2024-11-26,8.612020937485603,20.472647643995664,21,Nordland
2024-11-27,6.709983018879242,25.031979644271612,22,Nordland
2024-11-28,18.33403530809586,20.379785724066522,22,Nordland
2024-11-29,15.064976592841553,21.969448423506442,23,Nordland
2024-11-30,11.471789979862503,19.63702744923949,22,Nordland
2024-12-01,9.85045473497087,24.787362643820362,24,Nordland
2024-12-02,9.051434790579814,22.65556390449312,22,Nordland
2024-12-03,19.653333247957697,21.53427426477491,22,Nordland
2024-12-04,12.041909576229113,24.505620540183422,25,Nordland
2024-12-05,22.783907213173677,21.686669034184803,26,Nordland
2024-12-06,9.234596750931443,21.82592512788635,24,Nordland
2024-12-07,32.72269823857977,20.10813396397383,27,Nordland
2024-12-08,20.639157495110446,24.02929999107523,26,Nordland
2024-12-09,8.129089594495085,23.38808386279525,21,Nordland
2024-12-10,24.30630417663037,25.05915052283652,27,Nordland
2024-12-11,7.836295713442771,19.533258498327857,22,Nordland
2024-12-12,22.484987165138847,23.767461448292273,25,Nordland
2024-12-13,13.27637577956253,20.704798930248618,24,Nordland
2024-12-14,14.752480795913026,23.521375705977672,23,Nordland
2024-12-15,4.882448580106212,20.94627264896203,19,Nordland
2024-12-16,16.123965159164094,22.594811602573007,23,Nordland
2024-12-17,4.803386482041349,21.971728515575922,23,Nordland
2024-12-18,13.210050173552416,25.55511187495332,23,Nordland
2024-12-19,15.753163232925955,22.439022262171175,23,Nordland
2024-12-20,11.071458295422588,22.698353175761472,24,Nordland
2024-12-21,27.791457321238163,26.81013243819799,28,Nordland
2024-12-22,8.76268724325742,24.01968035866287,24,Nordland
2024-12-23,22.800888538062903,24.15450838848683,30,Nordland
2024-12-24,14.8281787140687,23.33113715812142,27,Nordland
2024-12-25,11.46827490621018,27.32633717462371,23,Nordland
2024-12-26,12.62756935729721,25.607740060175036,22,Nordland
2024-12-27,20.80792386758373,25.560613722217433,21,Nordland
2024-12-28,22.440877679563883,25.666906719125482,23,Nordland
2024-12-29,23.332535911664735,21.062818300870347,21,Nordland
2024-12-30,16.062920895039284,23.022171309949897,22,Nordland
2024-12-31,5.751313776965471,24.353268677938235,18,Nordland
2025-01-01,19.447619175213116,22.678054076127964,19,Nordland
2025-01-02,8.377089407925588,22.665307940793088,15,Nordland
2025-01-03,22.91770486075122,26.09974196210721,19,Nordland
2025-01-04,14.362260286621028,24.817045284225184,19,Nordland
2025-01-05,7.634039993674211,26.525612561514375,18,Nordland
2025-01-06,14.073497379782449,18.992679228523066,16,Nordland
2025-01-07,26.843773198593755,22.241493606368383,20,Nordland
2025-01-08,19.19769954017969,22.16886014757208,19,Nordland
2025-01-09,41.36378544006886,27.709826993817146,26,Nordland
2025-01-10,17.001618491232335,26.725983685308886,20,Nordland
2025-01-11,15.659916439334893,22.737556888062482,22,Nordland
2025-01-12,17.656686378732825,24.701889296397418,20,Nordland
2025-01-13,11.21247016371524,23.45876735646327,18,Nordland
2025-01-14,20.724799488577062,21.080487961234816,23,Nordland
2025-01-15,19.59942114499039,25.078059402660973,22,Nordland
2025-01-16,27.582246762041272,26.871121543731878,24,Nordland
2025-01-17,11.574951093995207,24.155982091310435,22,Nordland
2025-01-18,7.2728061821565415,24.060457142668625,20,Nordland
2025-01-19,3.3562843009938472,24.205657914873676,18,Nordland
2025-01-20,3.8800077072111225,25.54001499053302,18,Nordland
2025-01-21,14.754684386193835,26.396209363562143,19,Nordland
2025-01-22,21.623788787998034,31.531961658020162,23,Nordland
2025-01-23,14.639690390681592,28.92067847093079,22,Nordland
2025-01-24,24.869569564117516,24.44563079163509,22,Nordland
2025-01-25,11.25702312610893,22.440653494163783,21,Nordland
2025-01-26,19.31750474254588,28.364218041056862,25,Nordland
2025-01-27,5.943357834513142,25.391004021459626,21,Nordland
2025-01-28,10.374342698148956,27.09114064996478,21,Nordland
2025-01-29,14.793377892474048,29.432026054001447,25,Nordland
2025-01-30,25.008080597096317,28.719435879377148,28,Nordland
2025-01-31,20.49263992423295,23.547654401119853,26,Nordland
2025-02-01,27.888545054992925,24.38307770603516,29,Nordland
2025-02-02,11.891909610092007,27.72990791164557,29,Nordland
2025-02-03,16.466467520014024,25.346315640833453,27,Nordland
2025-02-04,8.751895976803796,27.099373762323314,24,Nordland
2025-02-05,13.256011022962245,30.289468195492113,24,Nordland
2025-02-06,38.182911940684036,31.07174214257769,30,Nordland
2025-02-07,12.370633881377938,25.83025540417006,24,Nordland
2025-02-08,20.83211030461157,29.49244804911378,27,Nordland
2025-02-09,12.033998232518918,30.176820838600467,24,Nordland
2025-02-10,11.179439635015054,26.490491148333156,24,Nordland
2025-02-11,14.410575136912792,28.339203831778903,25,Nordland
2025-02-12,17.45575464820594,26.72572028258612,27,Nordland
2025-02-13,26.945035404802784,28.3771778818874,30,Nordland
2025-02-14,8.800727296948002,27.345564795337097,23,Nordland
2025-02-15,14.28964564409937,27.24331881262601,24,Nordland
2025-02-16,20.655245567456657,26.958238351651545,25,Nordland
2025-02-17,5.597035116435478,28.31147956582913,24,Nordland
2025-02-18,17.124167118090774,30.056106029481256,25,Nordland
2025-02-19,9.063767954288572,27.50534220194263,23,Nordland
2025-02-20,20.81355867557707,28.12615912419746,25,Nordland
2025-02-21,15.675356879756404,28.946158038865317,25,Nordland
2025-02-22,17.631262023904156,30.040313266627102,27,Nordland
2025-02-23,13.762878719267729,26.51444491793264,25,Nordland
2025-02-24,16.932104572238245,27.214135777482568,26,Nordland
2025-02-25,25.792161838274954,28.78899370110015,24,Nordland
2025-02-26,6.435616329967395,30.857085771408173,24,Nordland
2025-02-27,2.709607962247807,26.635760511188902,20,Nordland
2025-02-28,16.069015480110725,28.18958047803912,23,Nordland
2025-03-01,7.616992800776992,31.067577649923606,24,Nordland
2025-03-02,14.290121532965705,26.212375099548336,26,Nordland
2025-03-03,10.069099107207451,28.380256092803755,25,Nordland
2025-03-04,11.843161741050613,27.8424598212039,23,Nordland
2025-03-05,18.539870509187896,28.252499648450513,29,Nordland
2025-03-06,14.427770419114673,28.63970038027478,28,Nordland
2025-03-07,19.96134354586637,26.000563017013256,32,Nordland
2025-03-08,11.183349089780723,32.23432053463039,32,Nordland
2025-03-09,13.61079752154462,27.418951766609037,29,Nordland
2025-03-10,14.656952612033903,28.23610358510229,29,Nordland
2025-03-11,28.10422447441231,29.697543392891106,34,Nordland
2025-03-12,28.121486238785508,27.11938965670655,35,Nordland
2025-03-13,10.056453813533894,31.022790332605886,31,Nordland
2025-03-14,22.392883100538597,26.61927081078312,29,Nordland
2025-03-15,14.78550804642541,29.28866506205074,27,Nordland
2025-03-16,7.45456092367472,32.23628529259436,24,Nordland
2025-03-17,10.41594231975738,30.750403506944163,26,Nordland
2025-03-18,20.41665552948859,28.473841871074637,29,Nordland
2025-03-19,25.045414794751387,28.34342860786485,29,Nordland
2025-03-20,12.206907088026762,30.48039170101366,26,Nordland
2025-03-21,11.409621318800863,28.12419561682193,27,Nordland
2025-03-22,12.526109704481286,26.68527363478948,27,Nordland
2025-03-23,19.39220875401679,30.63695346774288,25,Nordland
2025-03-24,21.90621553892784,28.60127377569517,27,Nordland
2025-03-25,5.22240186964345,28.61999129961565,23,Nordland
2025-03-26,9.496374813646746,28.387380269275436,24,Nordland
2025-03-27,23.600594058439565,31.064448901394346,27,Nordland
2025-03-28,4.881079652530637,25.57897423202763,23,Nordland
2025-03-29,6.460619564000992,30.04766020327981,27,Nordland
2025-03-30,9.407882077448308,30.188812109121322,26,Nordland
2025-03-31,17.675254857531854,29.688249269225693,27,Nordland
2025-04-01,11.015377472697214,32.355216126367864,26,Nordland
2025-04-02,9.77102066451054,31.47914195262244,26,Nordland
2025-04-03,13.364893584569167,28.00711469387735,27,Nordland
2025-04-04,18.370432244911136,27.551702046720198,30,Nordland
2025-04-05,22.678996359871782,30.542592077061673,30,Nordland
2025-04-06,17.219507082442668,28.49184995748449,28,Nordland
2025-04-07,14.951497991576154,28.714340952363084,28,Nordland
2025-04-08,17.162331018768235,28.87692217558149,29,Nordland
2025-04-09,17.304065644484705,28.094741483422574,32,Nordland
2025-04-10,9.936786153836517,29.788181506384117,30,Nordland
2025-04-11,24.60243923725789,26.671076628793855,32,Nordland
2025-04-12,20.213660464935494,29.772472545956347,32,Nordland
2025-04-13,16.70542154859459,31.580496429943253,33,Nordland
2025-04-14,14.69875156968641,29.632535307817797,33,Nordland
2025-04-15,21.43535425094801,32.04512322139276,35,Nordland
2025-04-16,4.189911664426559,30.57022653761454,29,Nordland
2025-04-17,23.74681304710401,31.025859724830095,34,Nordland
2025-04-18,17.578544631188254,27.60246706386133,34,Nordland
2025-04-19,28.5951364148761,28.006072815053397,36,Nordland
2025-04-20,25.208287259078475,29.830494580114255,35,Nordland
2025-04-21,21.64637217260803,31.75656438979093,37,Nordland
2025-04-22,15.417944485004977,29.815132092237786,34,Nordland
2025-04-23,24.087498733438288,29.09578269417815,33,Nordland
2025-04-24,19.37480434963249,24.84671996349774,32,Nordland
2025-04-25,17.162637181220934,29.50453675815806,35,Nordland
2025-04-26,15.575918779132722,29.873371545850578,33,Nordland
2025-04-27,15.082985600703289,27.29369282820253,32,Nordland
2025-04-28,14.764574765691293,26.08453010224596,31,Nordland
2025-04-29,13.996234481372,28.5588391854773,29,Nordland
2025-04-30,17.010448441014038,28.242029520677654,29,Nordland
2025-05-01,11.337923720391826,32.01388698159212,27,Nordland
2025-05-02,11.313304584857969,29.569577094194106,31,Nordland
2025-05-03,15.9545753557803,28.518935867151974,30,Nordland
2025-05-04,16.51476384510254,29.70237256163702,29,Nordland
2025-05-05,13.666966608696029,25.629408581297582,28,Nordland
2025-05-06,14.33936790002246,30.42920764604907,27,Nordland
2025-05-07,29.886085526135385,27.971480677582555,40,Nordland
2025-05-08,24.301801884081563,26.99419217960559,35,Nordland
2025-05-09,22.443470023913743,28.473599170673946,36,Nordland
2025-05-10,15.15474274978885,30.268614079299553,33,Nordland
2025-05-11,22.474491651959436,28.78696985129406,34,Nordland
2025-05-12,24.393179263957318,27.167956788186583,36,Nordland
2025-05-13,14.471056220194562,24.361450709855358,38,Nordland
2025-05-14,30.804473007498597,23.82634624014866,34,Nordland
2024-04-10,84.12163369066857,33.14584618536527,43,Trndelag
2024-04-11,72.92044294442763,29.395994744904307,41,Trndelag
2024-04-12,69.51198251976571,29.177247227123566,41,Trndelag
2024-04-13,55.631004690975416,27.35978765721177,34,Trndelag
2024-04-14,76.93729968941815,26.793979121716035,44,Trndelag
2024-04-15,52.769355599401834,27.3862183455417,38,Trndelag
2024-04-16,90.43943837077508,25.897590132017164,43,Trndelag
2024-04-17,61.71947716112039,26.300812932411407,40,Trndelag
2024-04-18,62.964127865817375,27.912480280210346,40,Trndelag
2024-04-19,98.61701047726444,30.191594472325704,47,Trndelag
2024-04-20,92.20017811747671,31.49002317196789,49,Trndelag
2024-04-21,54.603496570232366,28.567061388105714,43,Trndelag
2024-04-22,93.57569966073495,29.31510398439279,47,Trndelag
2024-04-23,84.80009609410334,28.705166732546402,47,Trndelag
2024-04-24,106.51454874313825,27.5778796071991,50,Trndelag
2024-04-25,77.71836469998787,29.381907720284925,44,Trndelag
2024-04-26,84.43958364573444,29.296580268820406,45,Trndelag
2024-04-27,75.26887185313701,26.261608311880146,44,Trndelag
2024-04-28,81.69663188845493,29.41657764372094,44,Trndelag
2024-04-29,80.31321594688487,27.71784722514611,44,Trndelag
2024-04-30,38.65718834122095,26.758252359036714,38,Trndelag
2024-05-01,52.06631372991949,27.271077902614856,42,Trndelag
2024-05-02,94.41771248737444,28.049343207830734,45,Trndelag
2024-05-03,42.60237005518013,30.33835573301127,38,Trndelag
2024-05-04,45.15658332680083,30.909268174091043,36,Trndelag
2024-05-05,115.41071208287661,29.329303151392295,49,Trndelag
2024-05-06,94.53121743587783,29.620810420631802,48,Trndelag
2024-05-07,82.4894794572816,26.166684352628465,46,Trndelag
2024-05-08,50.525214075355855,27.340262831869577,35,Trndelag
2024-05-09,49.26753558437076,28.24107685429781,36,Trndelag
2024-05-10,59.928974494268864,25.909493293155556,36,Trndelag
2024-05-11,65.38854177121318,29.984118815557842,39,Trndelag
2024-05-12,44.72621246378198,28.142577506973193,34,Trndelag
2024-05-13,71.06411234166549,27.87401985576956,41,Trndelag
2024-05-14,82.93951859102259,25.85869211093,42,Trndelag
2024-05-15,60.3855986845238,25.773085643992587,38,Trndelag
2024-05-16,95.34385137033127,26.68902537928053,45,Trndelag
2024-05-17,53.62078020047173,26.58599880017872,38,Trndelag
2024-05-18,93.64123204313185,25.304637551350737,45,Trndelag
2024-05-19,60.27783569671049,27.064153036975917,40,Trndelag
2024-05-20,52.312332562954985,26.107676244443113,39,Trndelag
2024-05-21,67.40260861075781,24.10940632361759,39,Trndelag
2024-05-22,130.549506661609,27.40182624550309,51,Trndelag
2024-05-23,50.60267805803534,25.734406842196567,38,Trndelag
2024-05-24,79.50479776646114,26.311129293625378,41,Trndelag
2024-05-25,80.39828707903847,25.634570407997984,41,Trndelag
2024-05-26,119.63465706281664,25.801741127834553,50,Trndelag
2024-05-27,60.20667722253588,29.405991194884727,43,Trndelag
2024-05-28,52.46173494905607,28.907217941101322,37,Trndelag
2024-05-29,35.797863698097416,27.059773050278313,30,Trndelag
2024-05-30,96.77658022734646,28.444457206718646,42,Trndelag
2024-05-31,51.709107754837234,26.29327010686754,33,Trndelag
2024-06-01,53.48575452729561,25.80468053968326,37,Trndelag
2024-06-02,86.2180346160052,31.450999413053427,42,Trndelag
2024-06-03,38.5989384676942,28.116737911171395,32,Trndelag
2024-06-04,127.1970294910916,22.146758652256068,47,Trndelag
2024-06-05,88.10688050297773,27.673824094142326,44,Trndelag
2024-06-06,91.88852630038863,28.7669390348092,46,Trndelag
2024-06-07,43.877966267056074,26.680553077051655,39,Trndelag
2024-06-08,106.68247957283727,24.419553002736016,46,Trndelag
2024-06-09,60.912671253991526,23.90536051825589,36,Trndelag
2024-06-10,75.03761341481518,22.21958085580144,38,Trndelag
2024-06-11,89.08790267545433,24.64148641552734,41,Trndelag
2024-06-12,53.92486548542201,22.677579923813582,37,Trndelag
2024-06-13,58.68005829594289,25.762127326521323,36,Trndelag
2024-06-14,71.51006077589781,26.54120434775198,37,Trndelag
2024-06-15,49.92668979725012,26.637405743942043,34,Trndelag
2024-06-16,75.4859646027319,25.44440361858299,39,Trndelag
2024-06-17,64.73042808991669,28.469494513576162,37,Trndelag
2024-06-18,78.34117856435294,26.985058509455705,43,Trndelag
2024-06-19,69.49366908042789,25.06063248116359,40,Trndelag
2024-06-20,36.105706433241416,25.685208804016906,32,Trndelag
2024-06-21,102.69927821109519,23.522742202837588,39,Trndelag
2024-06-22,116.79179456641697,23.908666951557038,49,Trndelag
2024-06-23,91.9278674449163,24.36905486068625,46,Trndelag
2024-06-24,65.80245545360245,26.912471201417347,41,Trndelag
2024-06-25,16.92217444544324,25.866513427615367,29,Trndelag
2024-06-26,17.302626521491167,24.23701418983208,24,Trndelag
2024-06-27,17.211290752098336,23.46571799667822,24,Trndelag
2024-06-28,9.845003180177953,25.03981369505767,21,Trndelag
2024-06-29,16.715622114080823,24.171600511518445,21,Trndelag
2024-06-30,13.65163948896038,25.929103907152186,22,Trndelag
2024-07-01,16.867667537845108,24.861937709856957,21,Trndelag
2024-07-02,6.034997950308689,21.264689919827592,19,Trndelag
2024-07-03,12.351882486876008,24.42088207190201,21,Trndelag
2024-07-04,20.084237123041635,26.021512830563367,23,Trndelag
2024-07-05,13.948094889083809,24.514983980170157,26,Trndelag
2024-07-06,13.925777577122851,22.224749147473965,23,Trndelag
2024-07-07,12.730658509854933,22.272117109523048,22,Trndelag
2024-07-08,19.583008591155313,22.655749285391302,21,Trndelag
2024-07-09,16.252586846474976,21.235650054366968,21,Trndelag
2024-07-10,2.1525938442521753,21.6622315226108,20,Trndelag
2024-07-11,22.945594529534972,20.923452518066455,22,Trndelag
2024-07-12,10.875111462869754,23.235381846367883,19,Trndelag
2024-07-13,15.868523303203613,24.31540568512906,19,Trndelag
2024-07-14,14.536874115332012,21.607150672295955,15,Trndelag
2024-07-15,9.910179988376585,26.462078059807624,18,Trndelag
2024-07-16,18.62275542126001,21.404699076966775,19,Trndelag
2024-07-17,16.096879021437218,19.36413899510063,18,Trndelag
2024-07-18,18.638168950903296,20.93723477866787,21,Trndelag
2024-07-19,16.585243617960064,24.167617941070667,23,Trndelag
2024-07-20,15.838158452181865,23.72077778273455,21,Trndelag
2024-07-21,21.636440195932714,22.609510701033454,23,Trndelag
2024-07-22,12.586578528900759,22.313435523882127,20,Trndelag
2024-07-23,9.307757794107381,22.37303824164793,16,Trndelag
2024-07-24,12.01486231267765,22.25854398506196,18,Trndelag
2024-07-25,16.768242248223796,23.80564832781262,19,Trndelag
2024-07-26,17.860859284805745,19.524415095481274,20,Trndelag
2024-07-27,17.07985578107081,20.63307970813124,20,Trndelag
2024-07-28,15.523753532371176,20.315513323821477,21,Trndelag
2024-07-29,12.398172623904289,21.365609305931947,20,Trndelag
2024-07-30,25.76774872659021,16.769971328426692,22,Trndelag
2024-07-31,12.178517810764196,21.8741750697025,21,Trndelag
2024-08-01,16.207982926878955,21.56043909954594,20,Trndelag
2024-08-02,4.4766797759351125,18.69946442635588,18,Trndelag
2024-08-03,6.033784462478598,21.23812997095081,19,Trndelag
2024-08-04,24.68248090479753,22.014356426893485,21,Trndelag
2024-08-05,14.692455411672258,18.914641767517388,22,Trndelag
2024-08-06,22.859534423309487,20.282880089771893,21,Trndelag
2024-08-07,28.63183417882797,18.58818893234702,22,Trndelag
2024-08-08,5.499999080220281,19.345944805200684,19,Trndelag
2024-08-09,11.852335300154998,19.665738569112815,20,Trndelag
2024-08-10,16.638549712279154,19.287013283035492,20,Trndelag
2024-08-11,13.220927767757818,18.816605115418103,20,Trndelag
2024-08-12,16.27748880365252,20.66741810477786,20,Trndelag
2024-08-13,18.83591303107992,22.28294818759965,21,Trndelag
2024-08-14,11.84782338219733,21.760893272582273,18,Trndelag
2024-08-15,22.33293694090974,20.55762009158282,19,Trndelag
2024-08-16,4.9307057065139865,21.248440610992393,19,Trndelag
2024-08-17,20.249049693847713,19.599722936006767,18,Trndelag
2024-08-18,7.309998563578603,21.639196862210838,16,Trndelag
2024-08-19,21.211219564857714,23.554610026974412,20,Trndelag
2024-08-20,21.168090313182446,18.37789939692313,21,Trndelag
2024-08-21,12.62246312051733,17.264555570484585,19,Trndelag
2024-08-22,16.485800905780067,19.815616027845785,17,Trndelag
2024-08-23,11.588752528291785,19.06777915162531,21,Trndelag
2024-08-24,27.72520941213188,20.06561734165309,20,Trndelag
2024-08-25,25.676763615796798,23.470598201093505,25,Trndelag
2024-08-26,12.653650391289997,19.08198155799518,21,Trndelag
2024-08-27,15.574783717487495,17.937228130691306,20,Trndelag
2024-08-28,19.341336102250043,18.4326302103187,20,Trndelag
2024-08-29,19.566375247089113,23.085071203779208,22,Trndelag
2024-08-30,19.301313140463886,17.86322451309064,20,Trndelag
2024-08-31,11.63736934901313,22.017764660303072,19,Trndelag
2024-09-01,10.883702236762112,18.67829052656037,18,Trndelag
2024-09-02,13.306101438345411,19.177504022543282,20,Trndelag
2024-09-03,9.264403643587558,17.486518345693252,21,Trndelag
2024-09-04,13.405571823067756,21.904872701766934,23,Trndelag
2024-09-05,23.19463428059691,17.857209807445745,21,Trndelag
2024-09-06,8.505749981667142,19.595916136061366,19,Trndelag
2024-09-07,12.487745041090271,18.978702388482795,17,Trndelag
2024-09-08,23.51781873259193,20.55475502816037,21,Trndelag
2024-09-09,6.629854773409381,20.604533250127773,18,Trndelag
2024-09-10,10.280860938663247,22.078759954160386,18,Trndelag
2024-09-11,9.81599224408009,15.645549330589807,17,Trndelag
2024-09-12,15.70970472391561,17.478377841775465,17,Trndelag
2024-09-13,12.848190137976058,16.508403227688124,19,Trndelag
2024-09-14,16.164572593645023,16.731368660625275,16,Trndelag
2024-09-15,10.332112099455705,20.154999356253267,15,Trndelag
2024-09-16,6.821990494353936,19.062634028545002,15,Trndelag
2024-09-17,16.123210618348363,16.43862436759654,17,Trndelag
2024-09-18,23.855625331995046,19.993825842743146,19,Trndelag
2024-09-19,15.067803235253468,17.398918238431527,18,Trndelag
2024-09-20,17.613464942356728,19.764777843109606,20,Trndelag
2024-09-21,17.89336254690796,20.46842083013519,21,Trndelag
2024-09-22,15.086220692266734,19.890261066590842,16,Trndelag
2024-09-23,19.068817902896427,16.867338561159258,22,Trndelag
2024-09-24,7.554690430818722,17.445219475581542,16,Trndelag
2024-09-25,4.8203192944896,21.1207693527239,16,Trndelag
2024-09-26,18.140445903273573,19.700816296565083,21,Trndelag
2024-09-27,13.750055899235067,18.538561331214378,21,Trndelag
2024-09-28,10.95157806662472,15.878695610062103,20,Trndelag
2024-09-29,9.013739214314201,20.19038582271316,19,Trndelag
2024-09-30,21.076936596378328,18.649497396297672,21,Trndelag
2024-10-01,22.417773300659217,17.948503998015195,21,Trndelag
2024-10-02,15.028514718303894,15.785912273974962,21,Trndelag
2024-10-03,3.393930104414409,17.974163412319676,17,Trndelag
2024-10-04,15.390910666697277,17.242741726884272,19,Trndelag
2024-10-05,11.702017742530312,21.206248132584058,20,Trndelag
2024-10-06,14.188267478897309,16.982645725603987,17,Trndelag
2024-10-07,9.59569274022622,19.229973157690864,18,Trndelag
2024-10-08,2.564269300124977,18.501679385012103,16,Trndelag
2024-10-09,12.21032078773465,21.439473977003782,16,Trndelag
2024-10-10,14.517159842600119,20.912619180953566,18,Trndelag
2024-10-11,6.9425634442506565,21.492961057258793,15,Trndelag
2024-10-12,17.454945600306196,20.951639025733265,20,Trndelag
2024-10-13,37.09611606821978,22.558893811287714,24,Trndelag
2024-10-14,17.401130139852935,17.48694950648416,22,Trndelag
2024-10-15,19.417458029341606,17.91691344597591,22,Trndelag
2024-10-16,14.267272862258956,18.70624272804032,18,Trndelag
2024-10-17,18.303043278586365,22.927383597500885,18,Trndelag
2024-10-18,14.797132149849922,18.655809045312054,18,Trndelag
2024-10-19,20.642872598710888,23.139794403120256,20,Trndelag
2024-10-20,5.903929168593937,18.71696338902602,16,Trndelag
2024-10-21,11.420909376976333,21.276104781056002,18,Trndelag
2024-10-22,15.400620899636479,23.796241798547157,21,Trndelag
2024-10-23,6.8956300785290665,20.19931855406184,17,Trndelag
2024-10-24,4.290879651016092,20.759426173951468,17,Trndelag
2024-10-25,8.842130969858495,19.683738588334638,17,Trndelag
2024-10-26,10.928768558715783,22.37209215667995,20,Trndelag
2024-10-27,18.412610837659393,18.829937448132476,21,Trndelag
2024-10-28,11.344487522837838,17.671312856733422,20,Trndelag
2024-10-29,19.000086886326383,25.023539984001875,22,Trndelag
2024-10-30,12.786196424530026,22.14685782736925,19,Trndelag
2024-10-31,23.562162317886543,16.753997530055507,19,Trndelag
2024-11-01,18.20255966186283,23.007462044302134,20,Trndelag
2024-11-02,20.176731409656917,23.263786463339002,22,Trndelag
2024-11-03,18.720837222061846,20.589920734093695,21,Trndelag
2024-11-04,19.023646797344693,21.816078934819398,22,Trndelag
2024-11-05,56.53924116956612,20.50356095003031,28,Trndelag
2024-11-06,79.56416829642441,20.410911938098288,36,Trndelag
2024-11-07,77.35611349444564,23.3501193637209,38,Trndelag
2024-11-08,54.29662239128163,21.01993416828693,34,Trndelag
2024-11-09,29.524826579846057,20.027136987334753,29,Trndelag
2024-11-10,43.53735057217611,20.940734704281798,29,Trndelag
2024-11-11,70.48858872952154,23.81640945384671,36,Trndelag
2024-11-12,51.96071351472628,26.256565788179635,34,Trndelag
2024-11-13,73.936812790516,22.12733815524238,36,Trndelag
2024-11-14,151.60567455786716,20.812115163006915,51,Trndelag
2024-11-15,91.46577006691321,17.238116051982765,44,Trndelag
2024-11-16,77.43756518725672,20.885224356896487,32,Trndelag
2024-11-17,32.175342329180545,18.20324893736614,25,Trndelag
2024-11-18,44.74541025605443,23.224209932752196,28,Trndelag
2024-11-19,94.46465289789433,24.095882173919666,38,Trndelag
2024-11-20,49.203819337064914,22.193512562572224,34,Trndelag
2024-11-21,74.76950316843909,18.44583335989684,37,Trndelag
2024-11-22,99.50825521128678,20.743559412107125,39,Trndelag
2024-11-23,52.500947871309336,16.742065832736014,34,Trndelag
2024-11-24,54.902167364439165,24.109808790693496,35,Trndelag
2024-11-25,51.231214224605296,21.055930824045674,31,Trndelag
2024-11-26,94.95458601643332,18.204206595822168,40,Trndelag
2024-11-27,76.12758595487585,23.85101414288838,38,Trndelag
2024-11-28,48.53065842944141,23.602641447868393,33,Trndelag
2024-11-29,21.34407690525263,20.240077850449275,24,Trndelag
2024-11-30,90.03195635430554,21.090490752466394,36,Trndelag
2024-12-01,92.03827638383342,22.190821489960797,39,Trndelag
2024-12-02,64.60713672733414,18.675990491925624,35,Trndelag
2024-12-03,45.71489958076891,24.706491682870407,33,Trndelag
2024-12-04,28.13849829377942,22.471746246305727,27,Trndelag
2024-12-05,72.617729085368,22.768519128866394,36,Trndelag
2024-12-06,58.18196305986403,24.88240308450147,38,Trndelag
2024-12-07,58.91568314275159,19.106486356811736,33,Trndelag
2024-12-08,39.344827716515525,19.455855237356673,32,Trndelag
2024-12-09,110.43091508818026,19.41646665257501,43,Trndelag
2024-12-10,105.89865428627554,23.42889223287347,46,Trndelag
2024-12-11,69.69636951497071,23.664007671157492,39,Trndelag
2024-12-12,96.61195728055961,22.254829019893307,42,Trndelag
2024-12-13,57.01739925396891,22.98271840864383,41,Trndelag
2024-12-14,59.82349317603939,22.046073849836617,35,Trndelag
2024-12-15,65.02652949832444,22.85456144526175,35,Trndelag
2024-12-16,69.02669543648159,19.374784324120125,34,Trndelag
2024-12-17,72.74572193625343,24.801807247544104,37,Trndelag
2024-12-18,44.986029679395806,24.677119073865175,32,Trndelag
2024-12-19,104.03868042226068,27.249336942253176,43,Trndelag
2024-12-20,51.50157769639332,24.69951685701639,35,Trndelag
2024-12-21,112.4506546427938,24.770448742506144,47,Trndelag
2024-12-22,61.70881637985549,24.19759844375231,38,Trndelag
2024-12-23,60.80359445272534,22.20105325987983,35,Trndelag
2024-12-24,23.75334663100499,24.78939401377468,28,Trndelag
2024-12-25,10.732271535043695,21.365389906092002,22,Trndelag
2024-12-26,7.2246699392999485,25.311837808375916,20,Trndelag
2024-12-27,7.175949495075592,22.99685749840354,18,Trndelag
2024-12-28,11.187971569496181,22.84370978679995,16,Trndelag
2024-12-29,16.831075697662733,24.1219654144228,20,Trndelag
2024-12-30,16.528820308487575,25.54301260597515,22,Trndelag
2024-12-31,21.88868821837723,26.996673747415432,22,Trndelag
2025-01-01,10.996849711040538,27.383512913016283,20,Trndelag
2025-01-02,13.703435779786702,25.491575027682693,20,Trndelag
2025-01-03,13.785238841118032,23.150056706955045,18,Trndelag
2025-01-04,23.54670529765986,26.074018606744076,22,Trndelag
2025-01-05,4.106921587659391,23.063186692257084,16,Trndelag
2025-01-06,17.129291049996695,24.52510890341234,18,Trndelag
2025-01-07,18.14402347895741,22.213954777741982,19,Trndelag
2025-01-08,25.229606851445237,25.391851233398615,21,Trndelag
2025-01-09,15.176579144178612,25.53382968152551,20,Trndelag
2025-01-10,8.429078050250755,26.998238307296514,22,Trndelag
2025-01-11,9.180613894577426,23.641067779811326,18,Trndelag
2025-01-12,13.786532512480072,23.000370571143154,18,Trndelag
2025-01-13,27.607043220760843,26.045302355090655,22,Trndelag
2025-01-14,20.801673527205896,26.25987358217631,21,Trndelag
2025-01-15,21.54553514209221,29.762032380841134,24,Trndelag
2025-01-16,14.146013503781758,24.292036486907094,22,Trndelag
2025-01-17,8.020666641199973,23.303993671301246,20,Trndelag
2025-01-18,12.137991471216274,25.32208000298299,19,Trndelag
2025-01-19,14.513174299226845,29.77419025613678,21,Trndelag
2025-01-20,14.9244867832595,26.95029301041521,18,Trndelag
2025-01-21,10.623229038739364,30.15162588821179,19,Trndelag
2025-01-22,10.133065302267777,25.16855744037463,19,Trndelag
2025-01-23,12.4067938343645,27.584743320742472,18,Trndelag
2025-01-24,19.172285648972643,27.81942125133032,22,Trndelag
2025-01-25,12.743565466479057,23.010442938386944,20,Trndelag
2025-01-26,30.110352598366763,25.66515442345782,24,Trndelag
2025-01-27,27.52379311234261,25.148602028098907,26,Trndelag
2025-01-28,57.869806322246625,30.37476982205979,32,Trndelag
2025-01-29,57.14214924631594,23.075842423074118,32,Trndelag
2025-01-30,78.10841531708941,26.523342629075707,37,Trndelag
2025-01-31,46.36987432977012,29.29745960394968,35,Trndelag
2025-02-01,98.34377836293145,24.67040483114522,42,Trndelag
2025-02-02,96.04435813349203,24.927176347407865,46,Trndelag
2025-02-03,71.90367140818452,28.111082588491136,43,Trndelag
2025-02-04,86.78122909060447,26.166729972127523,45,Trndelag
2025-02-05,49.31715264589288,27.48882460350409,38,Trndelag
2025-02-06,40.527464366328225,26.067166549877168,28,Trndelag
2025-02-07,75.49646945429447,27.62763627661445,38,Trndelag
2025-02-08,87.81094686388263,26.14644814070743,36,Trndelag
2025-02-09,70.30668584734664,24.676361048962335,39,Trndelag
2025-02-10,70.44686716192344,20.74291511938798,36,Trndelag
2025-02-11,60.35468966307132,21.601470347697035,35,Trndelag
2025-02-12,58.496510418913424,24.931959059092954,36,Trndelag
2025-02-13,41.39787956377556,27.868251590798423,33,Trndelag
2025-02-14,80.76709552492743,27.569342635956588,40,Trndelag
2025-02-15,29.892642236194348,26.890561409271747,31,Trndelag
2025-02-16,49.135417599795325,27.746095967025894,29,Trndelag
2025-02-17,72.87799704588865,31.052471544651624,35,Trndelag
2025-02-18,54.1817915771345,29.762098443154866,34,Trndelag
2025-02-19,54.769731243974,26.87465872859333,37,Trndelag
2025-02-20,38.959252746648,28.225346493154703,34,Trndelag
2025-02-21,50.74287494443079,30.872114004635563,33,Trndelag
2025-02-22,72.73712087485343,26.315317440947048,37,Trndelag
2025-02-23,69.97763994457489,26.023239256245148,38,Trndelag
2025-02-24,34.191050432482925,24.571108137346297,31,Trndelag
2025-02-25,83.96095651359542,27.158858752251973,39,Trndelag
2025-02-26,50.958076511997305,27.320930071244817,34,Trndelag
2025-02-27,73.72025870263418,26.939901660872444,37,Trndelag
2025-02-28,67.28717867125793,27.918126764424034,37,Trndelag
2025-03-01,81.6712980647091,26.03481637839609,47,Trndelag
2025-03-02,79.25406683565215,30.43087952438044,43,Trndelag
2025-03-03,36.48064164066096,32.15880059730151,33,Trndelag
2025-03-04,77.73423224721414,32.19346590593881,41,Trndelag
2025-03-05,79.34132809907055,26.7787536466021,40,Trndelag
2025-03-06,43.16104062037947,27.763371437207862,34,Trndelag
2025-03-07,40.6288352619848,29.41393084916273,35,Trndelag
2025-03-08,25.406778936889133,27.960250760682122,31,Trndelag
2025-03-09,47.613619299785775,27.44328261884487,35,Trndelag
2025-03-10,66.97928194727346,30.318542769007877,36,Trndelag
2025-03-11,14.96865679129098,27.850792694638688,27,Trndelag
2025-03-12,22.47763400767934,27.623805891300748,28,Trndelag
2025-03-13,1.6061205979814863,29.56902516659196,24,Trndelag
2025-03-14,16.44284736632845,28.42122274156266,25,Trndelag
2025-03-15,21.256482061615284,28.628904259576053,23,Trndelag
2025-03-16,15.541357037430776,28.072458447153267,24,Trndelag
2025-03-17,16.28499006292852,25.251345186910065,24,Trndelag
2025-03-18,12.3697673005166,28.44399344133556,21,Trndelag
2025-03-19,7.1833564002669235,27.965375980279152,26,Trndelag
2025-03-20,6.751886366029147,31.68125514366009,24,Trndelag
2025-03-21,11.543360204842912,29.32513477388896,24,Trndelag
2025-03-22,24.16820149977028,28.73359147955828,26,Trndelag
2025-03-23,18.617093811810772,28.93181666535311,26,Trndelag
2025-03-24,12.154902736734826,28.47675047337224,24,Trndelag
2025-03-25,7.8023243390763515,28.772989151392117,23,Trndelag
2025-03-26,21.389697656426243,30.316737559106755,22,Trndelag
2025-03-27,7.958954637590331,28.630344843200206,22,Trndelag
2025-03-28,15.807749516221861,27.502591222382023,24,Trndelag
2025-03-29,11.72951226069572,29.225504878631877,22,Trndelag
2025-03-30,12.941695299503188,29.23586362680082,23,Trndelag
2025-03-31,13.308682321252572,25.85206362603144,22,Trndelag
2025-04-01,19.23649791675105,31.27204088472002,25,Trndelag
2025-04-02,11.148085629766125,27.72871328712123,24,Trndelag
2025-04-03,14.184554028746527,26.94275863019537,22,Trndelag
2025-04-04,18.125698391114426,30.554648709556393,26,Trndelag
2025-04-05,15.950433889231487,29.468567613100806,27,Trndelag
2025-04-06,9.354508911351342,29.877567881710476,25,Trndelag
2025-04-07,24.521481022206395,32.64677998456706,29,Trndelag
2025-04-08,110.72230476910437,29.937335585488377,42,Trndelag
2025-04-09,64.86640531293364,28.897486315380686,40,Trndelag
2025-04-10,70.71947286122989,31.36962232973427,41,Trndelag
2025-04-11,61.508039038651674,28.227405173467705,43,Trndelag
2025-04-12,69.26936518896316,28.557634840565978,42,Trndelag
2025-04-13,62.705477177855755,28.63306213695771,40,Trndelag
2025-04-14,74.2745366789225,27.53609144969092,42,Trndelag
2025-04-15,42.17943698563479,26.714635022334107,36,Trndelag
2025-04-16,110.72342327090313,32.32776643228947,45,Trndelag
2025-04-17,56.24393552661921,29.26616460631611,39,Trndelag
2025-04-18,72.768385727704,28.490603533684155,42,Trndelag
2025-04-19,66.59760428952902,32.102445141325845,43,Trndelag
2025-04-20,59.705924024440776,28.364558559914162,41,Trndelag
2025-04-21,72.08558590157705,25.986711629028342,42,Trndelag
2025-04-22,36.32718219148435,32.292015111936024,39,Trndelag
2025-04-23,62.35425721525162,30.611464627891767,40,Trndelag
2025-04-24,124.46625003668503,30.576710055395473,52,Trndelag
2025-04-25,86.03154940774976,26.71824072001599,46,Trndelag
2025-04-26,80.70322666993184,30.97966913638176,48,Trndelag
2025-04-27,99.8682372928819,26.041631017915247,48,Trndelag
2025-04-28,101.09465871736965,28.42182069522035,50,Trndelag
2025-04-29,50.95432580822554,26.60374460078196,39,Trndelag
2025-04-30,43.58291871261123,31.628538995780893,37,Trndelag
2025-05-01,61.096071536060705,25.364391466569245,38,Trndelag
2025-05-02,35.79640511090581,28.07866503042256,39,Trndelag
2025-05-03,28.57698917762194,28.10089670146923,31,Trndelag
2025-05-04,50.08695151019042,27.01639445404136,34,Trndelag
2025-05-05,56.287654225806804,25.572837958463367,36,Trndelag
2025-05-06,80.01454306635362,27.758386748473153,41,Trndelag
2025-05-07,122.32339422299879,27.493693084685447,50,Trndelag
2025-05-08,80.01010160365276,26.843904110734258,48,Trndelag
2025-05-09,70.4025414333704,28.54061673471012,43,Trndelag
2025-05-10,107.60627246561614,27.539932874498316,51,Trndelag
2025-05-11,82.02731508741925,28.951536432813455,48,Trndelag
2025-05-12,84.87170640239788,26.349957304685926,47,Trndelag
2025-05-13,55.564797991770874,28.794581645584387,40,Trndelag
2025-05-14,66.53292225137862,23.771062712028225,41,Trndelag
